,Unnamed: 0,xi,GrantDate,PatentNo,MatchAsgName,comp,Returns
0,1,76.49261474609379,2003-01-21,6508800,BAXTER INTERNATIONAL INC,BECTON DICKINSON AND COMPANY,0.11377391876181175
1,2,35.546592712402294,2003-02-18,6520948,BAXTER INTERNATIONAL INC,BECTON DICKINSON AND COMPANY,0.18632258558568165
2,3,36.8217620849609,2003-02-25,6523698,BAXTER INTERNATIONAL INC,BECTON DICKINSON AND COMPANY,0.15363554130222576
3,4,80.483528137207,2003-01-14,6506333,BAXTER INTERNATIONAL INC,BECTON DICKINSON AND COMPANY,-0.017351885867151737
4,5,80.2239761352539,2003-01-07,6503453,BAXTER INTERNATIONAL INC,BECTON DICKINSON AND COMPANY,-0.1379465916520697
5,6,72.7206726074219,2003-01-28,6511411,BAXTER INTERNATIONAL INC,BECTON DICKINSON AND COMPANY,0.6513415651455338
6,7,52.0696029663086,2003-03-11,6532399,BAXTER INTERNATIONAL INC,BECTON DICKINSON AND COMPANY,-0.17592954025689594
7,8,36.8217620849609,2003-02-25,6524231,BAXTER INTERNATIONAL INC,BECTON DICKINSON AND COMPANY,0.15363554130222576
8,9,47.912681579589794,2003-04-01,6542910,BAXTER INTERNATIONAL INC,BECTON DICKINSON AND COMPANY,0.035280596450019144
9,10,35.546592712402294,2003-02-18,6520997,BAXTER INTERNATIONAL INC,BECTON DICKINSON AND COMPANY,0.18632258558568165
10,11,25.3656826019287,2003-03-04,6528173,BAXTER INTERNATIONAL INC,BECTON DICKINSON AND COMPANY,0.08097862054037143
11,12,30.509290695190398,2003-04-29,6554023,BAXTER INTERNATIONAL INC,BECTON DICKINSON AND COMPANY,0.27452983921916013
12,13,25.7790451049805,2003-04-08,6544787,BAXTER INTERNATIONAL INC,BECTON DICKINSON AND COMPANY,-0.2234922836037027
13,14,30.509290695190398,2003-04-29,6555391,BAXTER INTERNATIONAL INC,BECTON DICKINSON AND COMPANY,0.27452983921916013
14,15,50.497676849365206,2003-03-25,6537445,BAXTER INTERNATIONAL INC,BECTON DICKINSON AND COMPANY,0.07686736604443864
15,16,33.508693695068395,2003-06-03,6572604,BAXTER INTERNATIONAL INC,BECTON DICKINSON AND COMPANY,0.2218719104395039
16,17,49.3760566711426,2003-04-15,6548729,BAXTER INTERNATIONAL INC,BECTON DICKINSON AND COMPANY,-0.24771290219825903
17,18,67.93662261962889,2003-06-17,6579583,BAXTER INTERNATIONAL INC,BECTON DICKINSON AND COMPANY,-0.11122153108633995
18,19,60.761802673339794,2003-05-27,6569125,BAXTER INTERNATIONAL INC,BECTON DICKINSON AND COMPANY,0.37270024933880275
19,20,32.9910354614258,2003-06-24,6582386,BAXTER INTERNATIONAL INC,BECTON DICKINSON AND COMPANY,-0.45321952061163634
20,21,23.6648807525635,2003-07-22,6595964,BAXTER INTERNATIONAL INC,BECTON DICKINSON AND COMPANY,-0.08049784032423002
21,22,21.667699813842802,2003-06-10,6576201,BAXTER INTERNATIONAL INC,BECTON DICKINSON AND COMPANY,-0.09365822486687488
22,23,21.1356582641602,2003-07-01,6586573,BAXTER INTERNATIONAL INC,BECTON DICKINSON AND COMPANY,0.2483140183155165
23,24,21.667699813842802,2003-06-10,6575205,BAXTER INTERNATIONAL INC,BECTON DICKINSON AND COMPANY,-0.09365822486687488
24,25,32.9910354614258,2003-06-24,6582349,BAXTER INTERNATIONAL INC,BECTON DICKINSON AND COMPANY,-0.45321952061163634
25,26,32.9693565368652,2003-07-15,6592542,BAXTER INTERNATIONAL INC,BECTON DICKINSON AND COMPANY,-0.16298308770354905
26,27,23.6648807525635,2003-07-22,6596230,BAXTER INTERNATIONAL INC,BECTON DICKINSON AND COMPANY,-0.08049784032423002
27,28,14.326548576355,2003-09-02,6613187,BAXTER INTERNATIONAL INC,BECTON DICKINSON AND COMPANY,-0.07265523205890681
28,29,36.2783355712891,2003-08-12,6604545,BAXTER INTERNATIONAL INC,BECTON DICKINSON AND COMPANY,0.10211861148603704
29,30,71.9470138549805,2003-08-26,6610040,BAXTER INTERNATIONAL INC,BECTON DICKINSON AND COMPANY,-0.29395035392166025
30,31,36.466770172119105,2003-07-29,6599515,BAXTER INTERNATIONAL INC,BECTON DICKINSON AND COMPANY,-0.28345697213090865
31,32,36.881507873535206,2003-08-05,6601710,BAXTER INTERNATIONAL INC,BECTON DICKINSON AND COMPANY,-0.14673059066166938
32,33,36.881507873535206,2003-08-05,6602508,BAXTER INTERNATIONAL INC,BECTON DICKINSON AND COMPANY,-0.14673059066166938
33,34,14.326548576355,2003-09-02,6613336,BAXTER INTERNATIONAL INC,BECTON DICKINSON AND COMPANY,-0.07265523205890681
34,35,36.2783355712891,2003-08-12,6605076,BAXTER INTERNATIONAL INC,BECTON DICKINSON AND COMPANY,0.10211861148603704
35,36,14.326548576355,2003-09-02,6612447,BAXTER INTERNATIONAL INC,BECTON DICKINSON AND COMPANY,-0.07265523205890681
36,37,70.9036026000977,2003-08-19,6607784,BAXTER INTERNATIONAL INC,BECTON DICKINSON AND COMPANY,-0.04975700860349756
37,38,14.326548576355,2003-09-02,6613070,BAXTER INTERNATIONAL INC,BECTON DICKINSON AND COMPANY,-0.07265523205890681
38,39,14.326548576355,2003-09-02,6613566,BAXTER INTERNATIONAL INC,BECTON DICKINSON AND COMPANY,-0.07265523205890681
39,40,76.688346862793,2003-09-23,6623638,BAXTER INTERNATIONAL INC,BECTON DICKINSON AND COMPANY,-0.11634667857237967
40,41,37.7273101806641,2003-10-14,6632318,BAXTER INTERNATIONAL INC,BECTON DICKINSON AND COMPANY,0.051897662305752906
41,42,37.7273101806641,2003-10-14,6632201,BAXTER INTERNATIONAL INC,BECTON DICKINSON AND COMPANY,0.051897662305752906
42,43,82.2375946044922,2003-12-16,6663743,BAXTER INTERNATIONAL INC,BECTON DICKINSON AND COMPANY,0.06694239912359323
43,44,72.0083847045898,2003-11-11,6644365,BAXTER INTERNATIONAL INC,BECTON DICKINSON AND COMPANY,0.001508853142187766
44,45,70.5122604370117,2003-11-25,6652942,BAXTER INTERNATIONAL INC,BECTON DICKINSON AND COMPANY,0.23428968304053382
45,46,23.326316833496104,2003-11-18,6648861,BAXTER INTERNATIONAL INC,BECTON DICKINSON AND COMPANY,0.2549319123879977
46,47,23.326316833496104,2003-11-18,6648011,BAXTER INTERNATIONAL INC,BECTON DICKINSON AND COMPANY,0.2549319123879977
47,48,78.77256774902341,2003-12-23,6666665,BAXTER INTERNATIONAL INC,BECTON DICKINSON AND COMPANY,-0.0334528735553189
48,49,39.7997589111328,2004-02-10,6688476,BAXTER INTERNATIONAL INC,BECTON DICKINSON AND COMPANY,0.2555601472171777
49,50,82.8645401000977,2003-12-09,6659132,BAXTER INTERNATIONAL INC,BECTON DICKINSON AND COMPANY,-0.1266243637473872
50,51,37.8869476318359,2004-01-06,6672333,BAXTER INTERNATIONAL INC,BECTON DICKINSON AND COMPANY,0.029499282840260443
51,52,20.155780792236303,2003-12-30,6670323,BAXTER INTERNATIONAL INC,BECTON DICKINSON AND COMPANY,0.15809243503096337
52,53,20.155780792236303,2003-12-30,6668526,BAXTER INTERNATIONAL INC,BECTON DICKINSON AND COMPANY,0.15809243503096337
53,54,20.155780792236303,2003-12-30,6669681,BAXTER INTERNATIONAL INC,BECTON DICKINSON AND COMPANY,0.15809243503096337
54,55,20.155780792236303,2003-12-30,6669905,BAXTER INTERNATIONAL INC,BECTON DICKINSON AND COMPANY,0.15809243503096337
55,56,19.4285297393799,2004-02-03,6684903,BAXTER INTERNATIONAL INC,BECTON DICKINSON AND COMPANY,0.38580949711918533
56,57,19.4285297393799,2004-02-03,6686180,BAXTER INTERNATIONAL INC,BECTON DICKINSON AND COMPANY,0.38580949711918533
57,58,11.7749547958374,2004-02-24,6696261,BAXTER INTERNATIONAL INC,BECTON DICKINSON AND COMPANY,-0.07628324772015455
58,59,12.3895673751831,2004-03-30,6713453,BAXTER INTERNATIONAL INC,BECTON DICKINSON AND COMPANY,0.06443420181767785
59,60,11.7749547958374,2004-02-24,6695805,BAXTER INTERNATIONAL INC,BECTON DICKINSON AND COMPANY,-0.07628324772015455
60,61,11.7749547958374,2004-02-24,6696023,BAXTER INTERNATIONAL INC,BECTON DICKINSON AND COMPANY,-0.07628324772015455
61,62,12.3895673751831,2004-03-30,6712095,BAXTER INTERNATIONAL INC,BECTON DICKINSON AND COMPANY,0.06443420181767785
62,63,38.990234375,2004-04-06,6716004,BAXTER INTERNATIONAL INC,BECTON DICKINSON AND COMPANY,0.13230746886341477
63,64,19.489568710327102,2004-03-23,6709428,BAXTER INTERNATIONAL INC,BECTON DICKINSON AND COMPANY,-0.011566906392340197
64,65,19.489568710327102,2004-03-23,6709412,BAXTER INTERNATIONAL INC,BECTON DICKINSON AND COMPANY,-0.011566906392340197
65,66,21.4310321807861,2004-05-04,6730660,BAXTER INTERNATIONAL INC,BECTON DICKINSON AND COMPANY,0.13772170052049743
66,67,47.342220306396506,2004-04-20,6723062,BAXTER INTERNATIONAL INC,BECTON DICKINSON AND COMPANY,0.22509548402037255
67,68,40.2185020446777,2004-04-27,6727101,BAXTER INTERNATIONAL INC,BECTON DICKINSON AND COMPANY,-0.1694988569148813
68,69,20.6169548034668,2004-06-01,6742760,BAXTER INTERNATIONAL INC,BECTON DICKINSON AND COMPANY,0.1516200603207532
69,70,20.6169548034668,2004-06-01,6743523,BAXTER INTERNATIONAL INC,BECTON DICKINSON AND COMPANY,0.1516200603207532
70,71,14.105673789978,2004-06-08,6745902,BAXTER INTERNATIONAL INC,BECTON DICKINSON AND COMPANY,0.007346957073658967
71,72,14.105673789978,2004-06-08,6746482,BAXTER INTERNATIONAL INC,BECTON DICKINSON AND COMPANY,0.007346957073658967
72,73,14.105673789978,2004-06-08,6746514,BAXTER INTERNATIONAL INC,BECTON DICKINSON AND COMPANY,0.007346957073658967
73,74,43.7408294677734,2004-07-06,6759007,BAXTER INTERNATIONAL INC,BECTON DICKINSON AND COMPANY,-0.1452273615201178
74,75,36.0843391418457,2004-08-24,6780333,BAXTER INTERNATIONAL INC,BECTON DICKINSON AND COMPANY,-0.033244686788388295
75,76,13.634840965271001,2004-08-03,6770050,BAXTER INTERNATIONAL INC,BECTON DICKINSON AND COMPANY,0.016140826567681465
76,77,8.8728551864624,2004-07-20,6764686,BAXTER INTERNATIONAL INC,BECTON DICKINSON AND COMPANY,-0.07780653208783078
77,78,8.8728551864624,2004-07-20,6764761,BAXTER INTERNATIONAL INC,BECTON DICKINSON AND COMPANY,-0.07780653208783078
78,79,8.8728551864624,2004-07-20,6766259,BAXTER INTERNATIONAL INC,BECTON DICKINSON AND COMPANY,-0.07780653208783078
79,80,13.634840965271001,2004-08-03,6769231,BAXTER INTERNATIONAL INC,BECTON DICKINSON AND COMPANY,0.016140826567681465
80,81,12.7604475021362,2004-10-05,6800432,BAXTER INTERNATIONAL INC,BECTON DICKINSON AND COMPANY,0.1292183055648089
81,82,12.7604475021362,2004-10-05,6800786,BAXTER INTERNATIONAL INC,BECTON DICKINSON AND COMPANY,0.1292183055648089
82,83,12.7604475021362,2004-10-05,6800054,BAXTER INTERNATIONAL INC,BECTON DICKINSON AND COMPANY,0.1292183055648089
83,84,40.019947052002,2004-09-28,6797729,BAXTER INTERNATIONAL INC,BECTON DICKINSON AND COMPANY,0.106540029428463
84,85,42.1008720397949,2004-10-12,6802982,BAXTER INTERNATIONAL INC,BECTON DICKINSON AND COMPANY,-0.28318804849001455
85,86,39.710136413574205,2004-11-09,6814547,BAXTER INTERNATIONAL INC,BECTON DICKINSON AND COMPANY,0.1959105053874902
86,87,37.25,2004-10-26,6808503,BAXTER INTERNATIONAL INC,BECTON DICKINSON AND COMPANY,0.0033447213904401266
87,88,40.207126617431605,2004-11-23,6821267,BAXTER INTERNATIONAL INC,BECTON DICKINSON AND COMPANY,-0.05892552285810935
88,89,40.0416679382324,2005-01-18,6844038,BAXTER INTERNATIONAL INC,BECTON DICKINSON AND COMPANY,0.05339156808775316
89,90,45.7007713317871,2004-12-14,6830549,BAXTER INTERNATIONAL INC,BECTON DICKINSON AND COMPANY,0.12799710143033743
90,91,21.7651443481445,2004-12-28,6835186,BAXTER INTERNATIONAL INC,BECTON DICKINSON AND COMPANY,-0.027787008918488912
91,92,21.7651443481445,2004-12-28,6835396,BAXTER INTERNATIONAL INC,BECTON DICKINSON AND COMPANY,-0.027787008918488912
92,93,12.375376701355,2005-02-15,6855489,BAXTER INTERNATIONAL INC,BECTON DICKINSON AND COMPANY,-0.004341284834597781
93,94,33.2191848754883,2005-01-25,6846161,BAXTER INTERNATIONAL INC,BECTON DICKINSON AND COMPANY,0.05110419267814856
94,95,17.4323348999023,2005-02-08,6852103,BAXTER INTERNATIONAL INC,BECTON DICKINSON AND COMPANY,-0.044747264069355926
95,96,12.375376701355,2005-02-15,6855120,BAXTER INTERNATIONAL INC,BECTON DICKINSON AND COMPANY,-0.004341284834597781
96,97,13.175304412841802,2005-03-08,6863083,BAXTER INTERNATIONAL INC,BECTON DICKINSON AND COMPANY,-0.08507696472751618
97,98,13.175304412841802,2005-03-08,6863261,BAXTER INTERNATIONAL INC,BECTON DICKINSON AND COMPANY,-0.08507696472751618
98,99,13.175304412841802,2005-03-08,6863821,BAXTER INTERNATIONAL INC,BECTON DICKINSON AND COMPANY,-0.08507696472751618
99,100,12.830058097839402,2005-03-22,6869617,BAXTER INTERNATIONAL INC,BECTON DICKINSON AND COMPANY,0.06250432398143399
100,101,17.4323348999023,2005-02-08,6852099,BAXTER INTERNATIONAL INC,BECTON DICKINSON AND COMPANY,-0.044747264069355926
101,102,39.7937774658203,2005-02-22,6857318,BAXTER INTERNATIONAL INC,BECTON DICKINSON AND COMPANY,-0.07896166383970354
102,103,11.711623191833501,2005-03-01,6860846,BAXTER INTERNATIONAL INC,BECTON DICKINSON AND COMPANY,0.11615728515120823
103,104,19.223352432251,2005-04-05,6875191,BAXTER INTERNATIONAL INC,BECTON DICKINSON AND COMPANY,-0.10416896993108173
104,105,11.711623191833501,2005-03-01,6861473,BAXTER INTERNATIONAL INC,BECTON DICKINSON AND COMPANY,0.11615728515120823
105,106,12.830058097839402,2005-03-22,6869653,BAXTER INTERNATIONAL INC,BECTON DICKINSON AND COMPANY,0.06250432398143399
106,107,35.79408645629879,2005-03-29,6872307,BAXTER INTERNATIONAL INC,BECTON DICKINSON AND COMPANY,-0.008200441038385334
107,108,12.830060000000001,2005-03-22,6869538,BAXTER INTERNATIONAL INC,BECTON DICKINSON AND COMPANY,0.06250432398143399
108,109,42.69794,2005-05-10,6890328,BAXTER INTERNATIONAL INC,BECTON DICKINSON AND COMPANY,-0.05343897799188557
109,110,21.287689999999998,2005-04-19,6881790,BAXTER INTERNATIONAL INC,BECTON DICKINSON AND COMPANY,-0.1859891104458561
110,111,13.66213,2005-04-26,6884228,BAXTER INTERNATIONAL INC,BECTON DICKINSON AND COMPANY,0.21252263738518704
111,112,40.08493,2005-04-12,6878105,BAXTER INTERNATIONAL INC,BECTON DICKINSON AND COMPANY,-0.025591194061118816
112,113,19.23656,2005-05-31,6899666,BAXTER INTERNATIONAL INC,BECTON DICKINSON AND COMPANY,-0.12846718940465227
113,114,36.05669,2005-05-17,6892755,BAXTER INTERNATIONAL INC,BECTON DICKINSON AND COMPANY,-0.033867587520831965
114,115,13.66213,2005-04-26,6884230,BAXTER INTERNATIONAL INC,BECTON DICKINSON AND COMPANY,0.21252263738518704
115,116,19.23656,2005-05-31,6899834,BAXTER INTERNATIONAL INC,BECTON DICKINSON AND COMPANY,-0.12846718940465227
116,117,40.4383,2005-07-05,6913056,BAXTER INTERNATIONAL INC,BECTON DICKINSON AND COMPANY,0.031146549682210076
117,118,21.59283,2005-07-26,6921381,BAXTER INTERNATIONAL INC,BECTON DICKINSON AND COMPANY,0.1839964325150909
118,119,21.59283,2005-07-26,6921380,BAXTER INTERNATIONAL INC,BECTON DICKINSON AND COMPANY,0.1839964325150909
119,120,22.43044,2005-08-09,6926695,BAXTER INTERNATIONAL INC,BECTON DICKINSON AND COMPANY,-0.13657621047268687
120,121,20.88794,2005-08-30,6936413,BAXTER INTERNATIONAL INC,BECTON DICKINSON AND COMPANY,-0.059696857024393424
121,122,42.92949,2005-09-06,6939111,BAXTER INTERNATIONAL INC,BECTON DICKINSON AND COMPANY,0.21337380100441886
122,123,43.13592,2005-10-04,6951656,BAXTER INTERNATIONAL INC,BECTON DICKINSON AND COMPANY,-0.10236140025007286
123,124,20.57037,2005-09-27,6949079,BAXTER INTERNATIONAL INC,BECTON DICKINSON AND COMPANY,0.06383484525830008
124,125,20.57037,2005-09-27,6948522,BAXTER INTERNATIONAL INC,BECTON DICKINSON AND COMPANY,0.06383484525830008
125,126,42.12952,2005-11-29,6969483,BAXTER INTERNATIONAL INC,BECTON DICKINSON AND COMPANY,-0.027732883809903547
126,127,19.65255,2005-10-11,6953323,BAXTER INTERNATIONAL INC,BECTON DICKINSON AND COMPANY,-0.07119895701534604
127,128,20.39039,2005-11-15,6964798,BAXTER INTERNATIONAL INC,BECTON DICKINSON AND COMPANY,0.0714005295850933
128,129,13.719420000000001,2005-12-13,6974447,BAXTER INTERNATIONAL INC,BECTON DICKINSON AND COMPANY,0.12265606400599123
129,130,19.989829999999998,2005-12-20,6976973,BAXTER INTERNATIONAL INC,BECTON DICKINSON AND COMPANY,0.1483261119683067
130,131,13.719420000000001,2005-12-13,6975924,BAXTER INTERNATIONAL INC,BECTON DICKINSON AND COMPANY,0.12265606400599123
131,132,32.969359999999995,2003-07-15,6592558,BAXTER INTERNATIONAL INC,BECTON DICKINSON AND COMPANY,-0.16298308770354905
132,133,37.44678,2005-02-01,6849039,BAXTER INTERNATIONAL INC,BECTON DICKINSON AND COMPANY,0.22608800271189167
133,134,13.634839999999999,2004-08-03,6770148,BAXTER INTERNATIONAL INC,BECTON DICKINSON AND COMPANY,0.016140826567681465
134,135,21.43103,2004-05-04,6730054,BAXTER INTERNATIONAL INC,BECTON DICKINSON AND COMPANY,0.13772170052049743
135,136,8.872855,2004-07-20,6764482,BAXTER INTERNATIONAL INC,BECTON DICKINSON AND COMPANY,-0.07780653208783078
136,137,23.66488,2003-07-22,6596179,BAXTER INTERNATIONAL INC,BECTON DICKINSON AND COMPANY,-0.08049784032423002
137,138,21.13566,2003-07-01,6585696,BAXTER INTERNATIONAL INC,BECTON DICKINSON AND COMPANY,0.2483140183155165
138,139,74.40876,2003-10-21,6635324,BAXTER INTERNATIONAL INC,BECTON DICKINSON AND COMPANY,-0.14763414334580013
139,140,19.31466,2005-06-14,6905314,BAXTER INTERNATIONAL INC,BECTON DICKINSON AND COMPANY,-0.1395790943238978
140,141,42.1449,2004-04-13,6718735,BAXTER INTERNATIONAL INC,BECTON DICKINSON AND COMPANY,-0.05818599193891162
141,142,58.05336,2003-04-22,6550493,BAXTER INTERNATIONAL INC,BECTON DICKINSON AND COMPANY,0.07296074166230813
142,143,21.13566,2003-07-01,6585499,BAXTER INTERNATIONAL INC,BECTON DICKINSON AND COMPANY,0.2483140183155165
143,144,39.00266,2004-05-11,6733472,BAXTER INTERNATIONAL INC,BECTON DICKINSON AND COMPANY,-0.34268950970123185
144,145,19.22335,2005-04-05,6874522,BAXTER INTERNATIONAL INC,BECTON DICKINSON AND COMPANY,-0.10416896993108173
145,146,13.66213,2005-04-26,6884232,BAXTER INTERNATIONAL INC,BECTON DICKINSON AND COMPANY,0.21252263738518704
146,147,23.326320000000003,2003-11-18,6648922,BAXTER INTERNATIONAL INC,BECTON DICKINSON AND COMPANY,0.2549319123879977
147,148,25.77905,2003-04-08,6544229,BAXTER INTERNATIONAL INC,BECTON DICKINSON AND COMPANY,-0.2234922836037027
148,149,19.989829999999998,2005-12-20,6977085,BAXTER INTERNATIONAL INC,BECTON DICKINSON AND COMPANY,0.1483261119683067
149,150,19.03246,2004-03-16,6706008,BAXTER INTERNATIONAL INC,BECTON DICKINSON AND COMPANY,-0.22219736924602757
150,151,38.92902,2005-06-21,6908553,BAXTER INTERNATIONAL INC,BECTON DICKINSON AND COMPANY,-0.292243834441555
151,152,65.90944,2003-07-08,6590033,BAXTER INTERNATIONAL INC,BECTON DICKINSON AND COMPANY,-0.0355006934124346
152,153,21.287689999999998,2005-04-19,6881337,BAXTER INTERNATIONAL INC,BECTON DICKINSON AND COMPANY,-0.1859891104458561
153,154,43.39346,2005-08-16,6929751,BAXTER INTERNATIONAL INC,BECTON DICKINSON AND COMPANY,-0.06674131274483207
154,155,33.50869,2003-06-03,6572867,BAXTER INTERNATIONAL INC,BECTON DICKINSON AND COMPANY,0.2218719104395039
155,156,25.365679999999998,2003-03-04,6528540,BAXTER INTERNATIONAL INC,BECTON DICKINSON AND COMPANY,0.08097862054037143
156,157,21.59768,2005-10-25,6957523,BAXTER INTERNATIONAL INC,BECTON DICKINSON AND COMPANY,-0.15868967690475533
157,158,61.088840000000005,2003-05-20,6565806,BAXTER INTERNATIONAL INC,BECTON DICKINSON AND COMPANY,-0.074827236100457
158,159,25.365679999999998,2003-03-04,6527957,BAXTER INTERNATIONAL INC,BECTON DICKINSON AND COMPANY,0.08097862054037143
159,160,42.38572,2004-08-10,6773458,BAXTER INTERNATIONAL INC,BECTON DICKINSON AND COMPANY,-0.16025794395621107
160,161,40.602059999999994,2004-11-30,6824688,BAXTER INTERNATIONAL INC,BECTON DICKINSON AND COMPANY,0.09724192507160989
161,162,20.39039,2005-11-15,6965014,BAXTER INTERNATIONAL INC,BECTON DICKINSON AND COMPANY,0.0714005295850933
162,163,76.49261474609379,2003-01-21,6508800,BAXTER INTERNATIONAL INC,KENNAMETAL INC,-0.32099582096352486
163,164,35.546592712402294,2003-02-18,6520948,BAXTER INTERNATIONAL INC,KENNAMETAL INC,-0.022041836533303792
164,165,36.8217620849609,2003-02-25,6523698,BAXTER INTERNATIONAL INC,KENNAMETAL INC,-0.03196391670756323
165,166,80.483528137207,2003-01-14,6506333,BAXTER INTERNATIONAL INC,KENNAMETAL INC,0.11495831781654375
166,167,80.2239761352539,2003-01-07,6503453,BAXTER INTERNATIONAL INC,KENNAMETAL INC,0.017930684166830066
167,168,72.7206726074219,2003-01-28,6511411,BAXTER INTERNATIONAL INC,KENNAMETAL INC,0.017635593751502872
168,169,52.0696029663086,2003-03-11,6532399,BAXTER INTERNATIONAL INC,KENNAMETAL INC,-0.10328571697309832
169,170,36.8217620849609,2003-02-25,6524231,BAXTER INTERNATIONAL INC,KENNAMETAL INC,-0.03196391670756323
170,171,47.912681579589794,2003-04-01,6542910,BAXTER INTERNATIONAL INC,KENNAMETAL INC,-0.3500982173719624
171,172,35.546592712402294,2003-02-18,6520997,BAXTER INTERNATIONAL INC,KENNAMETAL INC,-0.022041836533303792
172,173,25.3656826019287,2003-03-04,6528173,BAXTER INTERNATIONAL INC,KENNAMETAL INC,-0.08732211422543035
173,174,30.509290695190398,2003-04-29,6554023,BAXTER INTERNATIONAL INC,KENNAMETAL INC,0.04615091703911007
174,175,25.7790451049805,2003-04-08,6544787,BAXTER INTERNATIONAL INC,KENNAMETAL INC,-0.14919943449679474
175,176,30.509290695190398,2003-04-29,6555391,BAXTER INTERNATIONAL INC,KENNAMETAL INC,0.04615091703911007
176,177,50.497676849365206,2003-03-25,6537445,BAXTER INTERNATIONAL INC,KENNAMETAL INC,-0.0028201723733686235
177,178,33.508693695068395,2003-06-03,6572604,BAXTER INTERNATIONAL INC,KENNAMETAL INC,0.2508970507308476
178,179,49.3760566711426,2003-04-15,6548729,BAXTER INTERNATIONAL INC,KENNAMETAL INC,0.07979969135262176
179,180,67.93662261962889,2003-06-17,6579583,BAXTER INTERNATIONAL INC,KENNAMETAL INC,-0.047567843981572246
180,181,60.761802673339794,2003-05-27,6569125,BAXTER INTERNATIONAL INC,KENNAMETAL INC,-0.017124652287693328
181,182,32.9910354614258,2003-06-24,6582386,BAXTER INTERNATIONAL INC,KENNAMETAL INC,-0.10896620579688052
182,183,23.6648807525635,2003-07-22,6595964,BAXTER INTERNATIONAL INC,KENNAMETAL INC,-0.11788776880818601
183,184,21.667699813842802,2003-06-10,6576201,BAXTER INTERNATIONAL INC,KENNAMETAL INC,-0.011586721475775481
184,185,21.1356582641602,2003-07-01,6586573,BAXTER INTERNATIONAL INC,KENNAMETAL INC,-0.021396562845053802
185,186,21.667699813842802,2003-06-10,6575205,BAXTER INTERNATIONAL INC,KENNAMETAL INC,-0.011586721475775481
186,187,32.9910354614258,2003-06-24,6582349,BAXTER INTERNATIONAL INC,KENNAMETAL INC,-0.10896620579688052
187,188,32.9693565368652,2003-07-15,6592542,BAXTER INTERNATIONAL INC,KENNAMETAL INC,0.2564093226900985
188,189,23.6648807525635,2003-07-22,6596230,BAXTER INTERNATIONAL INC,KENNAMETAL INC,-0.11788776880818601
189,190,14.326548576355,2003-09-02,6613187,BAXTER INTERNATIONAL INC,KENNAMETAL INC,0.033761908116529155
190,191,36.2783355712891,2003-08-12,6604545,BAXTER INTERNATIONAL INC,KENNAMETAL INC,0.18421614448594192
191,192,71.9470138549805,2003-08-26,6610040,BAXTER INTERNATIONAL INC,KENNAMETAL INC,-0.18075178412333215
192,193,36.466770172119105,2003-07-29,6599515,BAXTER INTERNATIONAL INC,KENNAMETAL INC,0.018520468596931756
193,194,36.881507873535206,2003-08-05,6601710,BAXTER INTERNATIONAL INC,KENNAMETAL INC,-0.12057013374400909
194,195,36.881507873535206,2003-08-05,6602508,BAXTER INTERNATIONAL INC,KENNAMETAL INC,-0.12057013374400909
195,196,14.326548576355,2003-09-02,6613336,BAXTER INTERNATIONAL INC,KENNAMETAL INC,0.033761908116529155
196,197,36.2783355712891,2003-08-12,6605076,BAXTER INTERNATIONAL INC,KENNAMETAL INC,0.18421614448594192
197,198,14.326548576355,2003-09-02,6612447,BAXTER INTERNATIONAL INC,KENNAMETAL INC,0.033761908116529155
198,199,70.9036026000977,2003-08-19,6607784,BAXTER INTERNATIONAL INC,KENNAMETAL INC,0.19318859237036268
199,200,14.326548576355,2003-09-02,6613070,BAXTER INTERNATIONAL INC,KENNAMETAL INC,0.033761908116529155
200,201,14.326548576355,2003-09-02,6613566,BAXTER INTERNATIONAL INC,KENNAMETAL INC,0.033761908116529155
201,202,76.688346862793,2003-09-23,6623638,BAXTER INTERNATIONAL INC,KENNAMETAL INC,0.06825217599180433
202,203,37.7273101806641,2003-10-14,6632318,BAXTER INTERNATIONAL INC,KENNAMETAL INC,0.1223009736278901
203,204,37.7273101806641,2003-10-14,6632201,BAXTER INTERNATIONAL INC,KENNAMETAL INC,0.1223009736278901
204,205,82.2375946044922,2003-12-16,6663743,BAXTER INTERNATIONAL INC,KENNAMETAL INC,0.19922978209069628
205,206,72.0083847045898,2003-11-11,6644365,BAXTER INTERNATIONAL INC,KENNAMETAL INC,-0.06179265183879945
206,207,70.5122604370117,2003-11-25,6652942,BAXTER INTERNATIONAL INC,KENNAMETAL INC,0.02491680344807607
207,208,23.326316833496104,2003-11-18,6648861,BAXTER INTERNATIONAL INC,KENNAMETAL INC,-0.03342611585170721
208,209,23.326316833496104,2003-11-18,6648011,BAXTER INTERNATIONAL INC,KENNAMETAL INC,-0.03342611585170721
209,210,78.77256774902341,2003-12-23,6666665,BAXTER INTERNATIONAL INC,KENNAMETAL INC,0.02957438621270882
210,211,39.7997589111328,2004-02-10,6688476,BAXTER INTERNATIONAL INC,KENNAMETAL INC,0.20883695278072437
211,212,82.8645401000977,2003-12-09,6659132,BAXTER INTERNATIONAL INC,KENNAMETAL INC,-0.0500912883357282
212,213,37.8869476318359,2004-01-06,6672333,BAXTER INTERNATIONAL INC,KENNAMETAL INC,0.08296223822222312
213,214,20.155780792236303,2003-12-30,6670323,BAXTER INTERNATIONAL INC,KENNAMETAL INC,-0.06128926887299123
214,215,20.155780792236303,2003-12-30,6668526,BAXTER INTERNATIONAL INC,KENNAMETAL INC,-0.06128926887299123
215,216,20.155780792236303,2003-12-30,6669681,BAXTER INTERNATIONAL INC,KENNAMETAL INC,-0.06128926887299123
216,217,20.155780792236303,2003-12-30,6669905,BAXTER INTERNATIONAL INC,KENNAMETAL INC,-0.06128926887299123
217,218,19.4285297393799,2004-02-03,6684903,BAXTER INTERNATIONAL INC,KENNAMETAL INC,-0.2261368179157564
218,219,19.4285297393799,2004-02-03,6686180,BAXTER INTERNATIONAL INC,KENNAMETAL INC,-0.2261368179157564
219,220,11.7749547958374,2004-02-24,6696261,BAXTER INTERNATIONAL INC,KENNAMETAL INC,-0.01404632479288966
220,221,12.3895673751831,2004-03-30,6713453,BAXTER INTERNATIONAL INC,KENNAMETAL INC,0.3747571894249136
221,222,11.7749547958374,2004-02-24,6695805,BAXTER INTERNATIONAL INC,KENNAMETAL INC,-0.01404632479288966
222,223,11.7749547958374,2004-02-24,6696023,BAXTER INTERNATIONAL INC,KENNAMETAL INC,-0.01404632479288966
223,224,12.3895673751831,2004-03-30,6712095,BAXTER INTERNATIONAL INC,KENNAMETAL INC,0.3747571894249136
224,225,38.990234375,2004-04-06,6716004,BAXTER INTERNATIONAL INC,KENNAMETAL INC,0.1311746875131592
225,226,19.489568710327102,2004-03-23,6709428,BAXTER INTERNATIONAL INC,KENNAMETAL INC,-0.16131630701831806
226,227,19.489568710327102,2004-03-23,6709412,BAXTER INTERNATIONAL INC,KENNAMETAL INC,-0.16131630701831806
227,228,21.4310321807861,2004-05-04,6730660,BAXTER INTERNATIONAL INC,KENNAMETAL INC,-0.1767595766153479
228,229,47.342220306396506,2004-04-20,6723062,BAXTER INTERNATIONAL INC,KENNAMETAL INC,0.5356108171185967
229,230,40.2185020446777,2004-04-27,6727101,BAXTER INTERNATIONAL INC,KENNAMETAL INC,-0.19468375118714118
230,231,20.6169548034668,2004-06-01,6742760,BAXTER INTERNATIONAL INC,KENNAMETAL INC,0.07292627446841182
231,232,20.6169548034668,2004-06-01,6743523,BAXTER INTERNATIONAL INC,KENNAMETAL INC,0.07292627446841182
232,233,14.105673789978,2004-06-08,6745902,BAXTER INTERNATIONAL INC,KENNAMETAL INC,-0.035009090411934216
233,234,14.105673789978,2004-06-08,6746482,BAXTER INTERNATIONAL INC,KENNAMETAL INC,-0.035009090411934216
234,235,14.105673789978,2004-06-08,6746514,BAXTER INTERNATIONAL INC,KENNAMETAL INC,-0.035009090411934216
235,236,43.7408294677734,2004-07-06,6759007,BAXTER INTERNATIONAL INC,KENNAMETAL INC,-0.31093475093063894
236,237,36.0843391418457,2004-08-24,6780333,BAXTER INTERNATIONAL INC,KENNAMETAL INC,-0.18280212464656492
237,238,13.634840965271001,2004-08-03,6770050,BAXTER INTERNATIONAL INC,KENNAMETAL INC,-0.08710553314496088
238,239,8.8728551864624,2004-07-20,6764686,BAXTER INTERNATIONAL INC,KENNAMETAL INC,0.0025673630332055143
239,240,8.8728551864624,2004-07-20,6764761,BAXTER INTERNATIONAL INC,KENNAMETAL INC,0.0025673630332055143
240,241,8.8728551864624,2004-07-20,6766259,BAXTER INTERNATIONAL INC,KENNAMETAL INC,0.0025673630332055143
241,242,13.634840965271001,2004-08-03,6769231,BAXTER INTERNATIONAL INC,KENNAMETAL INC,-0.08710553314496088
242,243,12.7604475021362,2004-10-05,6800432,BAXTER INTERNATIONAL INC,KENNAMETAL INC,0.09940294823519664
243,244,12.7604475021362,2004-10-05,6800786,BAXTER INTERNATIONAL INC,KENNAMETAL INC,0.09940294823519664
244,245,12.7604475021362,2004-10-05,6800054,BAXTER INTERNATIONAL INC,KENNAMETAL INC,0.09940294823519664
245,246,40.019947052002,2004-09-28,6797729,BAXTER INTERNATIONAL INC,KENNAMETAL INC,0.0446196350886105
246,247,42.1008720397949,2004-10-12,6802982,BAXTER INTERNATIONAL INC,KENNAMETAL INC,-0.1626564125244612
247,248,39.710136413574205,2004-11-09,6814547,BAXTER INTERNATIONAL INC,KENNAMETAL INC,0.3235912346233861
248,249,37.25,2004-10-26,6808503,BAXTER INTERNATIONAL INC,KENNAMETAL INC,0.10140120426868147
249,250,40.207126617431605,2004-11-23,6821267,BAXTER INTERNATIONAL INC,KENNAMETAL INC,0.04810957115256331
250,251,40.0416679382324,2005-01-18,6844038,BAXTER INTERNATIONAL INC,KENNAMETAL INC,0.046997554480847206
251,252,45.7007713317871,2004-12-14,6830549,BAXTER INTERNATIONAL INC,KENNAMETAL INC,-0.051121530617282626
252,253,21.7651443481445,2004-12-28,6835186,BAXTER INTERNATIONAL INC,KENNAMETAL INC,-0.02212444317498557
253,254,21.7651443481445,2004-12-28,6835396,BAXTER INTERNATIONAL INC,KENNAMETAL INC,-0.02212444317498557
254,255,12.375376701355,2005-02-15,6855489,BAXTER INTERNATIONAL INC,KENNAMETAL INC,-0.026536390834612546
255,256,33.2191848754883,2005-01-25,6846161,BAXTER INTERNATIONAL INC,KENNAMETAL INC,-0.12746150772657144
256,257,17.4323348999023,2005-02-08,6852103,BAXTER INTERNATIONAL INC,KENNAMETAL INC,0.007106690356618251
257,258,12.375376701355,2005-02-15,6855120,BAXTER INTERNATIONAL INC,KENNAMETAL INC,-0.026536390834612546
258,259,13.175304412841802,2005-03-08,6863083,BAXTER INTERNATIONAL INC,KENNAMETAL INC,-0.05585668013066813
259,260,13.175304412841802,2005-03-08,6863261,BAXTER INTERNATIONAL INC,KENNAMETAL INC,-0.05585668013066813
260,261,13.175304412841802,2005-03-08,6863821,BAXTER INTERNATIONAL INC,KENNAMETAL INC,-0.05585668013066813
261,262,12.830058097839402,2005-03-22,6869617,BAXTER INTERNATIONAL INC,KENNAMETAL INC,-0.1047315240817148
262,263,17.4323348999023,2005-02-08,6852099,BAXTER INTERNATIONAL INC,KENNAMETAL INC,0.007106690356618251
263,264,39.7937774658203,2005-02-22,6857318,BAXTER INTERNATIONAL INC,KENNAMETAL INC,-0.08149474631648754
264,265,11.711623191833501,2005-03-01,6860846,BAXTER INTERNATIONAL INC,KENNAMETAL INC,0.21810609738232065
265,266,19.223352432251,2005-04-05,6875191,BAXTER INTERNATIONAL INC,KENNAMETAL INC,0.005575703399806446
266,267,11.711623191833501,2005-03-01,6861473,BAXTER INTERNATIONAL INC,KENNAMETAL INC,0.21810609738232065
267,268,12.830058097839402,2005-03-22,6869653,BAXTER INTERNATIONAL INC,KENNAMETAL INC,-0.1047315240817148
268,269,35.79408645629879,2005-03-29,6872307,BAXTER INTERNATIONAL INC,KENNAMETAL INC,-0.13633950261709843
269,270,12.830060000000001,2005-03-22,6869538,BAXTER INTERNATIONAL INC,KENNAMETAL INC,-0.1047315240817148
270,271,42.69794,2005-05-10,6890328,BAXTER INTERNATIONAL INC,KENNAMETAL INC,-0.31871462160991654
271,272,21.287689999999998,2005-04-19,6881790,BAXTER INTERNATIONAL INC,KENNAMETAL INC,0.06371326174576489
272,273,13.66213,2005-04-26,6884228,BAXTER INTERNATIONAL INC,KENNAMETAL INC,0.018155146111894116
273,274,40.08493,2005-04-12,6878105,BAXTER INTERNATIONAL INC,KENNAMETAL INC,-0.2599242970300726
274,275,19.23656,2005-05-31,6899666,BAXTER INTERNATIONAL INC,KENNAMETAL INC,-0.08324834457483765
275,276,36.05669,2005-05-17,6892755,BAXTER INTERNATIONAL INC,KENNAMETAL INC,-0.04391612866679347
276,277,13.66213,2005-04-26,6884230,BAXTER INTERNATIONAL INC,KENNAMETAL INC,0.018155146111894116
277,278,19.23656,2005-05-31,6899834,BAXTER INTERNATIONAL INC,KENNAMETAL INC,-0.08324834457483765
278,279,40.4383,2005-07-05,6913056,BAXTER INTERNATIONAL INC,KENNAMETAL INC,-0.017694699264645904
279,280,21.59283,2005-07-26,6921381,BAXTER INTERNATIONAL INC,KENNAMETAL INC,-0.08033457097821214
280,281,21.59283,2005-07-26,6921380,BAXTER INTERNATIONAL INC,KENNAMETAL INC,-0.08033457097821214
281,282,22.43044,2005-08-09,6926695,BAXTER INTERNATIONAL INC,KENNAMETAL INC,-0.09890798105987493
282,283,20.88794,2005-08-30,6936413,BAXTER INTERNATIONAL INC,KENNAMETAL INC,0.150302101400409
283,284,42.92949,2005-09-06,6939111,BAXTER INTERNATIONAL INC,KENNAMETAL INC,0.32289409666530733
284,285,43.13592,2005-10-04,6951656,BAXTER INTERNATIONAL INC,KENNAMETAL INC,0.07416850527335123
285,286,20.57037,2005-09-27,6949079,BAXTER INTERNATIONAL INC,KENNAMETAL INC,0.11029409313036911
286,287,20.57037,2005-09-27,6948522,BAXTER INTERNATIONAL INC,KENNAMETAL INC,0.11029409313036911
287,288,42.12952,2005-11-29,6969483,BAXTER INTERNATIONAL INC,KENNAMETAL INC,-0.11016941427232028
288,289,19.65255,2005-10-11,6953323,BAXTER INTERNATIONAL INC,KENNAMETAL INC,-0.033030888724000354
289,290,20.39039,2005-11-15,6964798,BAXTER INTERNATIONAL INC,KENNAMETAL INC,0.0416500292805281
290,291,13.719420000000001,2005-12-13,6974447,BAXTER INTERNATIONAL INC,KENNAMETAL INC,-0.06593740675339221
291,292,19.989829999999998,2005-12-20,6976973,BAXTER INTERNATIONAL INC,KENNAMETAL INC,-0.11900775944207978
292,293,13.719420000000001,2005-12-13,6975924,BAXTER INTERNATIONAL INC,KENNAMETAL INC,-0.06593740675339221
293,294,32.969359999999995,2003-07-15,6592558,BAXTER INTERNATIONAL INC,KENNAMETAL INC,0.2564093226900985
294,295,37.44678,2005-02-01,6849039,BAXTER INTERNATIONAL INC,KENNAMETAL INC,0.2079058303763565
295,296,13.634839999999999,2004-08-03,6770148,BAXTER INTERNATIONAL INC,KENNAMETAL INC,-0.08710553314496088
296,297,21.43103,2004-05-04,6730054,BAXTER INTERNATIONAL INC,KENNAMETAL INC,-0.1767595766153479
297,298,8.872855,2004-07-20,6764482,BAXTER INTERNATIONAL INC,KENNAMETAL INC,0.0025673630332055143
298,299,23.66488,2003-07-22,6596179,BAXTER INTERNATIONAL INC,KENNAMETAL INC,-0.11788776880818601
299,300,21.13566,2003-07-01,6585696,BAXTER INTERNATIONAL INC,KENNAMETAL INC,-0.021396562845053802
300,301,74.40876,2003-10-21,6635324,BAXTER INTERNATIONAL INC,KENNAMETAL INC,-0.28315406359916523
301,302,19.31466,2005-06-14,6905314,BAXTER INTERNATIONAL INC,KENNAMETAL INC,0.08643819333869224
302,303,42.1449,2004-04-13,6718735,BAXTER INTERNATIONAL INC,KENNAMETAL INC,-0.07494512976170681
303,304,58.05336,2003-04-22,6550493,BAXTER INTERNATIONAL INC,KENNAMETAL INC,0.009036603050613358
304,305,21.13566,2003-07-01,6585499,BAXTER INTERNATIONAL INC,KENNAMETAL INC,-0.021396562845053802
305,306,39.00266,2004-05-11,6733472,BAXTER INTERNATIONAL INC,KENNAMETAL INC,-0.33469229201662415
306,307,19.22335,2005-04-05,6874522,BAXTER INTERNATIONAL INC,KENNAMETAL INC,0.005575703399806446
307,308,13.66213,2005-04-26,6884232,BAXTER INTERNATIONAL INC,KENNAMETAL INC,0.018155146111894116
308,309,23.326320000000003,2003-11-18,6648922,BAXTER INTERNATIONAL INC,KENNAMETAL INC,-0.03342611585170721
309,310,25.77905,2003-04-08,6544229,BAXTER INTERNATIONAL INC,KENNAMETAL INC,-0.14919943449679474
310,311,19.989829999999998,2005-12-20,6977085,BAXTER INTERNATIONAL INC,KENNAMETAL INC,-0.11900775944207978
311,312,19.03246,2004-03-16,6706008,BAXTER INTERNATIONAL INC,KENNAMETAL INC,-0.3198711688311235
312,313,38.92902,2005-06-21,6908553,BAXTER INTERNATIONAL INC,KENNAMETAL INC,0.0840990578214338
313,314,65.90944,2003-07-08,6590033,BAXTER INTERNATIONAL INC,KENNAMETAL INC,0.5104391787373304
314,315,21.287689999999998,2005-04-19,6881337,BAXTER INTERNATIONAL INC,KENNAMETAL INC,0.06371326174576489
315,316,43.39346,2005-08-16,6929751,BAXTER INTERNATIONAL INC,KENNAMETAL INC,-0.07201163854556836
316,317,33.50869,2003-06-03,6572867,BAXTER INTERNATIONAL INC,KENNAMETAL INC,0.2508970507308476
317,318,25.365679999999998,2003-03-04,6528540,BAXTER INTERNATIONAL INC,KENNAMETAL INC,-0.08732211422543035
318,319,21.59768,2005-10-25,6957523,BAXTER INTERNATIONAL INC,KENNAMETAL INC,-0.09621615092344832
319,320,61.088840000000005,2003-05-20,6565806,BAXTER INTERNATIONAL INC,KENNAMETAL INC,-0.24037042609441595
320,321,25.365679999999998,2003-03-04,6527957,BAXTER INTERNATIONAL INC,KENNAMETAL INC,-0.08732211422543035
321,322,42.38572,2004-08-10,6773458,BAXTER INTERNATIONAL INC,KENNAMETAL INC,-0.425934527130282
322,323,40.602059999999994,2004-11-30,6824688,BAXTER INTERNATIONAL INC,KENNAMETAL INC,0.10209935589357634
323,324,20.39039,2005-11-15,6965014,BAXTER INTERNATIONAL INC,KENNAMETAL INC,0.0416500292805281
324,325,10.865837097167999,2003-02-11,6516953,BECTON DICKINSON AND COMPANY,BAXTER INTERNATIONAL INC,-0.25245535772150723
325,326,10.306129455566401,2003-01-14,6506181,BECTON DICKINSON AND COMPANY,BAXTER INTERNATIONAL INC,0.40303949582376364
326,327,10.865837097167999,2003-02-11,6517516,BECTON DICKINSON AND COMPANY,BAXTER INTERNATIONAL INC,-0.25245535772150723
327,328,10.306129455566401,2003-01-14,6506573,BECTON DICKINSON AND COMPANY,BAXTER INTERNATIONAL INC,0.40303949582376364
328,329,8.39223670959473,2003-01-21,6508987,BECTON DICKINSON AND COMPANY,BAXTER INTERNATIONAL INC,-0.2785434858197287
329,330,8.39223670959473,2003-01-21,6510007,BECTON DICKINSON AND COMPANY,BAXTER INTERNATIONAL INC,-0.2785434858197287
330,331,23.4197597503662,2003-02-18,6520935,BECTON DICKINSON AND COMPANY,BAXTER INTERNATIONAL INC,0.14959281410361802
331,332,21.8665924072266,2003-03-11,6530371,BECTON DICKINSON AND COMPANY,BAXTER INTERNATIONAL INC,-0.7561708328057957
332,333,7.23154211044312,2003-03-25,6537242,BECTON DICKINSON AND COMPANY,BAXTER INTERNATIONAL INC,-0.42496997750664256
333,334,7.23154211044312,2003-03-25,6537259,BECTON DICKINSON AND COMPANY,BAXTER INTERNATIONAL INC,-0.42496997750664256
334,335,7.23154211044312,2003-03-25,6537503,BECTON DICKINSON AND COMPANY,BAXTER INTERNATIONAL INC,-0.42496997750664256
335,336,23.605880737304698,2003-03-18,6533760,BECTON DICKINSON AND COMPANY,BAXTER INTERNATIONAL INC,-1.7932669695963799
336,337,8.849406242370609,2003-05-27,6569123,BECTON DICKINSON AND COMPANY,BAXTER INTERNATIONAL INC,0.3381223774053673
337,338,8.849406242370609,2003-05-27,6569143,BECTON DICKINSON AND COMPANY,BAXTER INTERNATIONAL INC,0.3381223774053673
338,339,8.410840034484862,2003-05-06,6558357,BECTON DICKINSON AND COMPANY,BAXTER INTERNATIONAL INC,-0.019371856202758112
339,340,22.4971084594727,2003-04-22,6551267,BECTON DICKINSON AND COMPANY,BAXTER INTERNATIONAL INC,0.09075061141993562
340,341,12.4988765716553,2003-05-13,6562010,BECTON DICKINSON AND COMPANY,BAXTER INTERNATIONAL INC,0.06366683573737723
341,342,13.1393604278564,2003-06-24,6582402,BECTON DICKINSON AND COMPANY,BAXTER INTERNATIONAL INC,-0.2554713585096724
342,343,11.584413528442399,2003-04-29,6555324,BECTON DICKINSON AND COMPANY,BAXTER INTERNATIONAL INC,0.3533274288651522
343,344,8.75906467437744,2003-07-01,6585698,BECTON DICKINSON AND COMPANY,BAXTER INTERNATIONAL INC,0.04010270326777274
344,345,8.410840034484862,2003-05-06,6558354,BECTON DICKINSON AND COMPANY,BAXTER INTERNATIONAL INC,-0.019371856202758112
345,346,8.410840034484862,2003-05-06,6558402,BECTON DICKINSON AND COMPANY,BAXTER INTERNATIONAL INC,-0.019371856202758112
346,347,8.849406242370609,2003-05-27,6568241,BECTON DICKINSON AND COMPANY,BAXTER INTERNATIONAL INC,0.3381223774053673
347,348,6.457537651062009,2003-06-03,6572827,BECTON DICKINSON AND COMPANY,BAXTER INTERNATIONAL INC,0.4326025002651912
348,349,4.01065444946289,2003-07-29,6599480,BECTON DICKINSON AND COMPANY,BAXTER INTERNATIONAL INC,0.20777785527882506
349,350,6.457537651062009,2003-06-03,6572591,BECTON DICKINSON AND COMPANY,BAXTER INTERNATIONAL INC,0.4326025002651912
350,351,8.75906467437744,2003-07-01,6585690,BECTON DICKINSON AND COMPANY,BAXTER INTERNATIONAL INC,0.04010270326777274
351,352,13.1393604278564,2003-06-24,6583279,BECTON DICKINSON AND COMPANY,BAXTER INTERNATIONAL INC,-0.2554713585096724
352,353,8.47181797027588,2003-07-08,6589202,BECTON DICKINSON AND COMPANY,BAXTER INTERNATIONAL INC,-0.11867623216030687
353,354,8.47181797027588,2003-07-08,6589057,BECTON DICKINSON AND COMPANY,BAXTER INTERNATIONAL INC,-0.11867623216030687
354,355,23.5087947845459,2003-08-26,6610075,BECTON DICKINSON AND COMPANY,BAXTER INTERNATIONAL INC,-0.11337524434569113
355,356,4.01065444946289,2003-07-29,6599481,BECTON DICKINSON AND COMPANY,BAXTER INTERNATIONAL INC,0.20777785527882506
356,357,8.47181797027588,2003-07-08,6589229,BECTON DICKINSON AND COMPANY,BAXTER INTERNATIONAL INC,-0.11867623216030687
357,358,8.75906467437744,2003-07-01,6586584,BECTON DICKINSON AND COMPANY,BAXTER INTERNATIONAL INC,0.04010270326777274
358,359,5.9911189079284695,2003-07-22,6595960,BECTON DICKINSON AND COMPANY,BAXTER INTERNATIONAL INC,0.6805436158897492
359,360,5.9911189079284695,2003-07-22,6597450,BECTON DICKINSON AND COMPANY,BAXTER INTERNATIONAL INC,0.6805436158897492
360,361,4.01065444946289,2003-07-29,6599475,BECTON DICKINSON AND COMPANY,BAXTER INTERNATIONAL INC,0.20777785527882506
361,362,5.9911189079284695,2003-07-22,6595961,BECTON DICKINSON AND COMPANY,BAXTER INTERNATIONAL INC,0.6805436158897492
362,363,13.523205757141099,2003-08-05,6601721,BECTON DICKINSON AND COMPANY,BAXTER INTERNATIONAL INC,0.0688372936171262
363,364,7.8743801116943395,2003-09-23,6623457,BECTON DICKINSON AND COMPANY,BAXTER INTERNATIONAL INC,-0.15262937360977097
364,365,5.9911189079284695,2003-07-22,6595947,BECTON DICKINSON AND COMPANY,BAXTER INTERNATIONAL INC,0.6805436158897492
365,366,6.04851531982422,2003-09-30,6626925,BECTON DICKINSON AND COMPANY,BAXTER INTERNATIONAL INC,0.007517518843944769
366,367,23.142511367797898,2003-08-19,6607513,BECTON DICKINSON AND COMPANY,BAXTER INTERNATIONAL INC,-0.061861352705521525
367,368,4.01065444946289,2003-07-29,6599268,BECTON DICKINSON AND COMPANY,BAXTER INTERNATIONAL INC,0.20777785527882506
368,369,4.01065444946289,2003-07-29,6599269,BECTON DICKINSON AND COMPANY,BAXTER INTERNATIONAL INC,0.20777785527882506
369,370,13.523205757141099,2003-08-05,6602206,BECTON DICKINSON AND COMPANY,BAXTER INTERNATIONAL INC,0.0688372936171262
370,371,6.2464075088501,2003-10-14,6633369,BECTON DICKINSON AND COMPANY,BAXTER INTERNATIONAL INC,-0.24828150602198196
371,372,12.458891868591301,2003-09-09,6616639,BECTON DICKINSON AND COMPANY,BAXTER INTERNATIONAL INC,0.1875373957122906
372,373,11.867591857910199,2003-09-02,6613535,BECTON DICKINSON AND COMPANY,BAXTER INTERNATIONAL INC,0.1569904685859329
373,374,11.867591857910199,2003-09-02,6612997,BECTON DICKINSON AND COMPANY,BAXTER INTERNATIONAL INC,0.1569904685859329
374,375,7.8743801116943395,2003-09-23,6622721,BECTON DICKINSON AND COMPANY,BAXTER INTERNATIONAL INC,-0.15262937360977097
375,376,11.490840911865199,2003-10-21,6635032,BECTON DICKINSON AND COMPANY,BAXTER INTERNATIONAL INC,-0.3032945004512601
376,377,12.6361532211304,2003-10-07,6629963,BECTON DICKINSON AND COMPANY,BAXTER INTERNATIONAL INC,-0.03525997675441697
377,378,11.490840911865199,2003-10-21,6636818,BECTON DICKINSON AND COMPANY,BAXTER INTERNATIONAL INC,-0.3032945004512601
378,379,7.8541750907897905,2003-10-28,6638252,BECTON DICKINSON AND COMPANY,BAXTER INTERNATIONAL INC,-0.13163943607305412
379,380,24.083314895629897,2003-11-04,6642047,BECTON DICKINSON AND COMPANY,BAXTER INTERNATIONAL INC,-0.43602188265511155
380,381,9.17358112335205,2003-12-09,6660489,BECTON DICKINSON AND COMPANY,BAXTER INTERNATIONAL INC,0.25180834858656637
381,382,13.353974342346199,2003-11-11,6645182,BECTON DICKINSON AND COMPANY,BAXTER INTERNATIONAL INC,0.1340697865519011
382,383,13.5532388687134,2003-11-25,6651835,BECTON DICKINSON AND COMPANY,BAXTER INTERNATIONAL INC,-0.014259623490117966
383,384,6.2464075088501,2003-10-14,6633368,BECTON DICKINSON AND COMPANY,BAXTER INTERNATIONAL INC,-0.24828150602198196
384,385,11.1919384002686,2004-01-06,6673047,BECTON DICKINSON AND COMPANY,BAXTER INTERNATIONAL INC,-0.007693673101261149
385,386,13.353974342346199,2003-11-11,6644309,BECTON DICKINSON AND COMPANY,BAXTER INTERNATIONAL INC,0.1340697865519011
386,387,13.885251998901401,2003-12-02,6656680,BECTON DICKINSON AND COMPANY,BAXTER INTERNATIONAL INC,0.17938551356545077
387,388,13.011810302734402,2003-11-18,6648855,BECTON DICKINSON AND COMPANY,BAXTER INTERNATIONAL INC,0.112337544863901
388,389,8.498218536376951,2003-12-16,6663601,BECTON DICKINSON AND COMPANY,BAXTER INTERNATIONAL INC,0.16848501767741336
389,390,13.5532388687134,2003-11-25,6652490,BECTON DICKINSON AND COMPANY,BAXTER INTERNATIONAL INC,-0.014259623490117966
390,391,9.17358112335205,2003-12-09,6659984,BECTON DICKINSON AND COMPANY,BAXTER INTERNATIONAL INC,0.25180834858656637
391,392,26.9956970214844,2003-12-23,6666359,BECTON DICKINSON AND COMPANY,BAXTER INTERNATIONAL INC,-0.07216542493621032
392,393,8.40183353424072,2004-02-10,6689106,BECTON DICKINSON AND COMPANY,BAXTER INTERNATIONAL INC,0.058523793362622735
393,394,7.85587644577026,2004-01-20,6680208,BECTON DICKINSON AND COMPANY,BAXTER INTERNATIONAL INC,0.2722942380751366
394,395,12.3929004669189,2004-02-03,6686204,BECTON DICKINSON AND COMPANY,BAXTER INTERNATIONAL INC,0.18714792660883223
395,396,8.40183353424072,2004-02-10,6689100,BECTON DICKINSON AND COMPANY,BAXTER INTERNATIONAL INC,0.058523793362622735
396,397,5.00292682647705,2004-01-27,6681946,BECTON DICKINSON AND COMPANY,BAXTER INTERNATIONAL INC,-0.28281553409536997
397,398,5.00292682647705,2004-01-27,6682510,BECTON DICKINSON AND COMPANY,BAXTER INTERNATIONAL INC,-0.28281553409536997
398,399,5.00292682647705,2004-01-27,6683314,BECTON DICKINSON AND COMPANY,BAXTER INTERNATIONAL INC,-0.28281553409536997
399,400,12.3929004669189,2004-02-03,6685676,BECTON DICKINSON AND COMPANY,BAXTER INTERNATIONAL INC,0.18714792660883223
400,401,5.00292682647705,2004-01-27,6681475,BECTON DICKINSON AND COMPANY,BAXTER INTERNATIONAL INC,-0.28281553409536997
401,402,24.2210292816162,2004-03-16,6705061,BECTON DICKINSON AND COMPANY,BAXTER INTERNATIONAL INC,0.031886889994648324
402,403,24.938480377197298,2004-03-23,6709857,BECTON DICKINSON AND COMPANY,BAXTER INTERNATIONAL INC,0.06544811825004522
403,404,8.67267513275146,2004-04-13,6719730,BECTON DICKINSON AND COMPANY,BAXTER INTERNATIONAL INC,-0.1081493789094386
404,405,15.2831354141235,2004-04-20,6722364,BECTON DICKINSON AND COMPANY,BAXTER INTERNATIONAL INC,0.5046444979293415
405,406,12.9953079223633,2004-03-30,6712792,BECTON DICKINSON AND COMPANY,BAXTER INTERNATIONAL INC,0.24306755446668296
406,407,15.2831354141235,2004-04-20,6723689,BECTON DICKINSON AND COMPANY,BAXTER INTERNATIONAL INC,0.5046444979293415
407,408,24.6457023620605,2004-04-06,6717657,BECTON DICKINSON AND COMPANY,BAXTER INTERNATIONAL INC,0.0745144656001835
408,409,12.9953079223633,2004-03-30,6714287,BECTON DICKINSON AND COMPANY,BAXTER INTERNATIONAL INC,0.24306755446668296
409,410,14.1552381515503,2004-06-08,6746430,BECTON DICKINSON AND COMPANY,BAXTER INTERNATIONAL INC,0.11036074801008156
410,411,8.67267513275146,2004-04-13,6719727,BECTON DICKINSON AND COMPANY,BAXTER INTERNATIONAL INC,-0.1081493789094386
411,412,8.67267513275146,2004-04-13,6719726,BECTON DICKINSON AND COMPANY,BAXTER INTERNATIONAL INC,-0.1081493789094386
412,413,12.2599315643311,2004-05-25,6740501,BECTON DICKINSON AND COMPANY,BAXTER INTERNATIONAL INC,-0.025181475867434026
413,414,24.457054138183604,2004-06-22,6753177,BECTON DICKINSON AND COMPANY,BAXTER INTERNATIONAL INC,0.12352769138578626
414,415,26.567403793335,2004-04-27,6726649,BECTON DICKINSON AND COMPANY,BAXTER INTERNATIONAL INC,-0.32572341208435623
415,416,27.688505172729503,2004-05-04,6730059,BECTON DICKINSON AND COMPANY,BAXTER INTERNATIONAL INC,0.04564397381308554
416,417,12.2599315643311,2004-05-25,6740277,BECTON DICKINSON AND COMPANY,BAXTER INTERNATIONAL INC,-0.025181475867434026
417,418,9.0978946685791,2004-06-01,6743582,BECTON DICKINSON AND COMPANY,BAXTER INTERNATIONAL INC,0.11720391651491255
418,419,9.0978946685791,2004-06-01,6743216,BECTON DICKINSON AND COMPANY,BAXTER INTERNATIONAL INC,0.11720391651491255
419,420,9.19045352935791,2004-06-15,6750457,BECTON DICKINSON AND COMPANY,BAXTER INTERNATIONAL INC,-0.01613961473395894
420,421,9.19045352935791,2004-06-15,6749588,BECTON DICKINSON AND COMPANY,BAXTER INTERNATIONAL INC,-0.01613961473395894
421,422,13.417355537414599,2004-07-13,6761704,BECTON DICKINSON AND COMPANY,BAXTER INTERNATIONAL INC,-0.03695647855321881
422,423,24.5719051361084,2004-06-29,6755804,BECTON DICKINSON AND COMPANY,BAXTER INTERNATIONAL INC,-0.08188262992876834
423,424,23.4420318603516,2004-07-27,6767188,BECTON DICKINSON AND COMPANY,BAXTER INTERNATIONAL INC,-0.5207622467149557
424,425,27.4014835357666,2004-07-06,6759510,BECTON DICKINSON AND COMPANY,BAXTER INTERNATIONAL INC,-0.17220684950804263
425,426,11.8023061752319,2004-08-24,6780171,BECTON DICKINSON AND COMPANY,BAXTER INTERNATIONAL INC,-0.11393297552308879
426,427,13.417355537414599,2004-07-13,6762206,BECTON DICKINSON AND COMPANY,BAXTER INTERNATIONAL INC,-0.03695647855321881
427,428,26.473279953002898,2004-08-03,6770752,BECTON DICKINSON AND COMPANY,BAXTER INTERNATIONAL INC,0.03231440084333673
428,429,12.1567115783691,2004-08-17,6776776,BECTON DICKINSON AND COMPANY,BAXTER INTERNATIONAL INC,0.07619743609630858
429,430,13.828887939453098,2004-08-31,6782887,BECTON DICKINSON AND COMPANY,BAXTER INTERNATIONAL INC,-0.23758672775322037
430,431,27.0068302154541,2004-09-14,6790197,BECTON DICKINSON AND COMPANY,BAXTER INTERNATIONAL INC,0.17352392761828528
431,432,26.5711860656738,2004-09-07,6788409,BECTON DICKINSON AND COMPANY,BAXTER INTERNATIONAL INC,0.1359177787015008
432,433,11.8023061752319,2004-08-24,6780169,BECTON DICKINSON AND COMPANY,BAXTER INTERNATIONAL INC,-0.11393297552308879
433,434,6.59622859954834,2004-09-21,6793646,BECTON DICKINSON AND COMPANY,BAXTER INTERNATIONAL INC,-0.021450870307260554
434,435,6.59622859954834,2004-09-21,6792743,BECTON DICKINSON AND COMPANY,BAXTER INTERNATIONAL INC,-0.021450870307260554
435,436,13.0431871414185,2004-10-12,6803022,BECTON DICKINSON AND COMPANY,BAXTER INTERNATIONAL INC,-0.2320396073603787
436,437,6.59622859954834,2004-09-21,6792662,BECTON DICKINSON AND COMPANY,BAXTER INTERNATIONAL INC,-0.021450870307260554
437,438,9.02736949920654,2004-10-26,6808506,BECTON DICKINSON AND COMPANY,BAXTER INTERNATIONAL INC,-0.17689594138167838
438,439,13.0431871414185,2004-10-12,6802903,BECTON DICKINSON AND COMPANY,BAXTER INTERNATIONAL INC,-0.2320396073603787
439,440,9.0474214553833,2004-11-16,6819408,BECTON DICKINSON AND COMPANY,BAXTER INTERNATIONAL INC,0.011002097127306524
440,441,12.421607971191401,2004-11-02,6813017,BECTON DICKINSON AND COMPANY,BAXTER INTERNATIONAL INC,0.0690201143173658
441,442,9.02736949920654,2004-10-26,6808574,BECTON DICKINSON AND COMPANY,BAXTER INTERNATIONAL INC,-0.17689594138167838
442,443,28.2230529785156,2004-12-28,6835184,BECTON DICKINSON AND COMPANY,BAXTER INTERNATIONAL INC,0.19047948727353034
443,444,9.0474214553833,2004-11-16,6818438,BECTON DICKINSON AND COMPANY,BAXTER INTERNATIONAL INC,0.011002097127306524
444,445,29.6412925720215,2005-02-01,6849422,BECTON DICKINSON AND COMPANY,BAXTER INTERNATIONAL INC,-0.13991983476832398
445,446,6.5254402160644505,2005-02-15,6855128,BECTON DICKINSON AND COMPANY,BAXTER INTERNATIONAL INC,-0.027085147687727823
446,447,15.161608695983901,2004-12-07,6826949,BECTON DICKINSON AND COMPANY,BAXTER INTERNATIONAL INC,-0.042868842995486225
447,448,8.49897861480713,2005-01-04,6837872,BECTON DICKINSON AND COMPANY,BAXTER INTERNATIONAL INC,0.05109198457753077
448,449,12.49156665802,2005-01-11,6840291,BECTON DICKINSON AND COMPANY,BAXTER INTERNATIONAL INC,0.017715987341101514
449,450,12.49156665802,2005-01-11,6841384,BECTON DICKINSON AND COMPANY,BAXTER INTERNATIONAL INC,0.017715987341101514
450,451,27.995332717895497,2004-12-21,6832992,BECTON DICKINSON AND COMPANY,BAXTER INTERNATIONAL INC,0.232313836976596
451,452,8.49897861480713,2005-01-04,6838285,BECTON DICKINSON AND COMPANY,BAXTER INTERNATIONAL INC,0.05109198457753077
452,453,6.5254402160644505,2005-02-15,6855130,BECTON DICKINSON AND COMPANY,BAXTER INTERNATIONAL INC,-0.027085147687727823
453,454,25.8231220245361,2005-01-18,6843781,BECTON DICKINSON AND COMPANY,BAXTER INTERNATIONAL INC,-0.15180646378810195
454,455,6.5254402160644505,2005-02-15,6855556,BECTON DICKINSON AND COMPANY,BAXTER INTERNATIONAL INC,-0.027085147687727823
455,456,9.11289978027344,2005-03-15,6866656,BECTON DICKINSON AND COMPANY,BAXTER INTERNATIONAL INC,-0.15363810575547446
456,457,9.11289978027344,2005-03-15,6866640,BECTON DICKINSON AND COMPANY,BAXTER INTERNATIONAL INC,-0.15363810575547446
457,458,9.11289978027344,2005-03-15,6867049,BECTON DICKINSON AND COMPANY,BAXTER INTERNATIONAL INC,-0.15363810575547446
458,459,26.836612701416,2005-03-22,6869405,BECTON DICKINSON AND COMPANY,BAXTER INTERNATIONAL INC,0.042281423022298543
459,460,9.17535877227783,2005-05-10,6890310,BECTON DICKINSON AND COMPANY,BAXTER INTERNATIONAL INC,0.007614298763617152
460,461,12.80213,2005-04-19,6881202,BECTON DICKINSON AND COMPANY,BAXTER INTERNATIONAL INC,0.006592265634978993
461,462,7.467891000000001,2005-06-14,6904662,BECTON DICKINSON AND COMPANY,BAXTER INTERNATIONAL INC,-0.004206620356896956
462,463,24.76997,2005-05-24,6897954,BECTON DICKINSON AND COMPANY,BAXTER INTERNATIONAL INC,-0.07374428356144225
463,464,9.175359,2005-05-10,6890759,BECTON DICKINSON AND COMPANY,BAXTER INTERNATIONAL INC,0.007614298763617152
464,465,12.80213,2005-04-19,6880414,BECTON DICKINSON AND COMPANY,BAXTER INTERNATIONAL INC,0.006592265634978993
465,466,22.018320000000003,2005-06-21,6908459,BECTON DICKINSON AND COMPANY,BAXTER INTERNATIONAL INC,0.1284271104246464
466,467,8.335837,2005-05-31,6899838,BECTON DICKINSON AND COMPANY,BAXTER INTERNATIONAL INC,-0.06276168476076967
467,468,7.467891000000001,2005-06-14,6905483,BECTON DICKINSON AND COMPANY,BAXTER INTERNATIONAL INC,-0.004206620356896956
468,469,23.00214,2005-07-05,6914212,BECTON DICKINSON AND COMPANY,BAXTER INTERNATIONAL INC,-0.06814588126630046
469,470,7.871752000000001,2005-09-06,6939709,BECTON DICKINSON AND COMPANY,BAXTER INTERNATIONAL INC,0.06638140030511935
470,471,24.998170000000002,2005-08-16,6929005,BECTON DICKINSON AND COMPANY,BAXTER INTERNATIONAL INC,0.03286615369129831
471,472,11.6346,2005-07-12,6916133,BECTON DICKINSON AND COMPANY,BAXTER INTERNATIONAL INC,0.16573781885252034
472,473,11.6346,2005-07-12,6916608,BECTON DICKINSON AND COMPANY,BAXTER INTERNATIONAL INC,0.16573781885252034
473,474,12.84003,2005-07-26,6921395,BECTON DICKINSON AND COMPANY,BAXTER INTERNATIONAL INC,0.08540539028660368
474,475,11.495619999999999,2005-08-23,6932803,BECTON DICKINSON AND COMPANY,BAXTER INTERNATIONAL INC,-0.08593536454887518
475,476,24.03937,2005-09-13,6944338,BECTON DICKINSON AND COMPANY,BAXTER INTERNATIONAL INC,-0.009493539703669042
476,477,23.95569,2005-08-09,6926700,BECTON DICKINSON AND COMPANY,BAXTER INTERNATIONAL INC,0.030058353834706536
477,478,12.59716,2005-10-04,6951727,BECTON DICKINSON AND COMPANY,BAXTER INTERNATIONAL INC,-0.05365973602254105
478,479,7.979114999999999,2005-08-30,6936036,BECTON DICKINSON AND COMPANY,BAXTER INTERNATIONAL INC,0.05430502471758615
479,480,7.871752000000001,2005-09-06,6939696,BECTON DICKINSON AND COMPANY,BAXTER INTERNATIONAL INC,0.06638140030511935
480,481,7.871752000000001,2005-09-06,6939516,BECTON DICKINSON AND COMPANY,BAXTER INTERNATIONAL INC,0.06638140030511935
481,482,23.65762,2005-09-20,6945417,BECTON DICKINSON AND COMPANY,BAXTER INTERNATIONAL INC,0.03300448601672845
482,483,25.75674,2005-11-22,6967086,BECTON DICKINSON AND COMPANY,BAXTER INTERNATIONAL INC,0.12021219603047492
483,484,12.59716,2005-10-04,6952604,BECTON DICKINSON AND COMPANY,BAXTER INTERNATIONAL INC,-0.05365973602254105
484,485,30.872940000000003,2005-11-01,6960193,BECTON DICKINSON AND COMPANY,BAXTER INTERNATIONAL INC,-0.1339647248934155
485,486,22.06201,2005-10-25,6957745,BECTON DICKINSON AND COMPANY,BAXTER INTERNATIONAL INC,0.029302092707771867
486,487,24.94821,2005-11-29,6969375,BECTON DICKINSON AND COMPANY,BAXTER INTERNATIONAL INC,0.023202055899534082
487,488,27.74029,2005-12-13,6974423,BECTON DICKINSON AND COMPANY,BAXTER INTERNATIONAL INC,-0.041959511777079087
488,489,11.191939999999999,2004-01-06,6672458,BECTON DICKINSON AND COMPANY,BAXTER INTERNATIONAL INC,-0.007693673101261149
489,490,6.525440000000001,2005-02-15,6855812,BECTON DICKINSON AND COMPANY,BAXTER INTERNATIONAL INC,-0.027085147687727823
490,491,24.48595,2005-06-28,6910597,BECTON DICKINSON AND COMPANY,BAXTER INTERNATIONAL INC,-0.05990674367827445
491,492,8.498219,2003-12-16,6662957,BECTON DICKINSON AND COMPANY,BAXTER INTERNATIONAL INC,0.16848501767741336
492,493,22.97089,2003-04-08,6544793,BECTON DICKINSON AND COMPANY,BAXTER INTERNATIONAL INC,-0.04629226557547747
493,494,8.335837,2005-05-31,6899850,BECTON DICKINSON AND COMPANY,BAXTER INTERNATIONAL INC,-0.06276168476076967
494,495,8.401834,2004-02-10,6689118,BECTON DICKINSON AND COMPANY,BAXTER INTERNATIONAL INC,0.058523793362622735
495,496,24.20744,2004-03-09,6702779,BECTON DICKINSON AND COMPANY,BAXTER INTERNATIONAL INC,0.07866186651614232
496,497,8.335837,2005-05-31,6900030,BECTON DICKINSON AND COMPANY,BAXTER INTERNATIONAL INC,-0.06276168476076967
497,498,13.88525,2003-12-02,6656147,BECTON DICKINSON AND COMPANY,BAXTER INTERNATIONAL INC,0.17938551356545077
498,499,9.190453999999999,2004-06-15,6749078,BECTON DICKINSON AND COMPANY,BAXTER INTERNATIONAL INC,-0.01613961473395894
499,500,7.979114999999999,2005-08-30,6936319,BECTON DICKINSON AND COMPANY,BAXTER INTERNATIONAL INC,0.05430502471758615
500,501,25.91512,2003-06-10,6576430,BECTON DICKINSON AND COMPANY,BAXTER INTERNATIONAL INC,0.02493212147495073
501,502,12.49888,2003-05-13,6562300,BECTON DICKINSON AND COMPANY,BAXTER INTERNATIONAL INC,0.06366683573737723
502,503,13.292060000000001,2004-11-23,6821789,BECTON DICKINSON AND COMPANY,BAXTER INTERNATIONAL INC,0.03591453090620926
503,504,8.498219,2003-12-16,6663603,BECTON DICKINSON AND COMPANY,BAXTER INTERNATIONAL INC,0.16848501767741336
504,505,7.979114999999999,2005-08-30,6936032,BECTON DICKINSON AND COMPANY,BAXTER INTERNATIONAL INC,0.05430502471758615
505,506,12.61807,2005-06-07,6902534,BECTON DICKINSON AND COMPANY,BAXTER INTERNATIONAL INC,-0.081565815934177
506,507,12.63615,2003-10-07,6629602,BECTON DICKINSON AND COMPANY,BAXTER INTERNATIONAL INC,-0.03525997675441697
507,508,7.855875999999999,2004-01-20,6679864,BECTON DICKINSON AND COMPANY,BAXTER INTERNATIONAL INC,0.2722942380751366
508,509,7.855875999999999,2004-01-20,6679863,BECTON DICKINSON AND COMPANY,BAXTER INTERNATIONAL INC,0.2722942380751366
509,510,7.467891000000001,2005-06-14,6905485,BECTON DICKINSON AND COMPANY,BAXTER INTERNATIONAL INC,-0.004206620356896956
510,511,11.495619999999999,2005-08-23,6932794,BECTON DICKINSON AND COMPANY,BAXTER INTERNATIONAL INC,-0.08593536454887518
511,512,12.421610000000001,2004-11-02,6811547,BECTON DICKINSON AND COMPANY,BAXTER INTERNATIONAL INC,0.0690201143173658
512,513,14.15524,2004-06-08,6746428,BECTON DICKINSON AND COMPANY,BAXTER INTERNATIONAL INC,0.11036074801008156
513,514,7.87438,2003-09-23,6623461,BECTON DICKINSON AND COMPANY,BAXTER INTERNATIONAL INC,-0.15262937360977097
514,515,9.173581,2003-12-09,6659983,BECTON DICKINSON AND COMPANY,BAXTER INTERNATIONAL INC,0.25180834858656637
515,516,13.01181,2003-11-18,6648836,BECTON DICKINSON AND COMPANY,BAXTER INTERNATIONAL INC,0.112337544863901
516,517,15.161610000000001,2004-12-07,6827905,BECTON DICKINSON AND COMPANY,BAXTER INTERNATIONAL INC,-0.042868842995486225
517,518,11.650039999999999,2003-03-04,6527747,BECTON DICKINSON AND COMPANY,BAXTER INTERNATIONAL INC,0.11249766420900022
518,519,4.010654,2003-07-29,6598796,BECTON DICKINSON AND COMPANY,BAXTER INTERNATIONAL INC,0.20777785527882506
519,520,8.392237,2003-01-21,6508966,BECTON DICKINSON AND COMPANY,BAXTER INTERNATIONAL INC,-0.2785434858197287
520,521,6.246408,2003-10-14,6632199,BECTON DICKINSON AND COMPANY,BAXTER INTERNATIONAL INC,-0.24828150602198196
521,522,6.246408,2003-10-14,6632198,BECTON DICKINSON AND COMPANY,BAXTER INTERNATIONAL INC,-0.24828150602198196
522,523,12.45889,2003-09-09,6617450,BECTON DICKINSON AND COMPANY,BAXTER INTERNATIONAL INC,0.1875373957122906
523,524,12.15671,2004-08-17,6776777,BECTON DICKINSON AND COMPANY,BAXTER INTERNATIONAL INC,0.07619743609630858
524,525,8.498978999999999,2005-01-04,6837954,BECTON DICKINSON AND COMPANY,BAXTER INTERNATIONAL INC,0.05109198457753077
525,526,12.61807,2005-06-07,6904301,BECTON DICKINSON AND COMPANY,BAXTER INTERNATIONAL INC,-0.081565815934177
526,527,5.002927,2004-01-27,6682889,BECTON DICKINSON AND COMPANY,BAXTER INTERNATIONAL INC,-0.28281553409536997
527,528,9.175359,2005-05-10,6892084,BECTON DICKINSON AND COMPANY,BAXTER INTERNATIONAL INC,0.007614298763617152
528,529,11.58441,2003-04-29,6555387,BECTON DICKINSON AND COMPANY,BAXTER INTERNATIONAL INC,0.3533274288651522
529,530,9.097895,2004-06-01,6743186,BECTON DICKINSON AND COMPANY,BAXTER INTERNATIONAL INC,0.11720391651491255
530,531,28.447029999999998,2005-02-22,6859738,BECTON DICKINSON AND COMPANY,BAXTER INTERNATIONAL INC,0.15484406583741492
531,532,24.7302,2004-03-02,6699217,BECTON DICKINSON AND COMPANY,BAXTER INTERNATIONAL INC,0.06519560841275107
532,533,13.292060000000001,2004-11-23,6821740,BECTON DICKINSON AND COMPANY,BAXTER INTERNATIONAL INC,0.03591453090620926
533,534,9.027369,2004-10-26,6809804,BECTON DICKINSON AND COMPANY,BAXTER INTERNATIONAL INC,-0.17689594138167838
534,535,23.22029,2005-10-11,6953448,BECTON DICKINSON AND COMPANY,BAXTER INTERNATIONAL INC,-0.29241554609424336
535,536,24.98184,2005-07-19,6920405,BECTON DICKINSON AND COMPANY,BAXTER INTERNATIONAL INC,0.09269559943565639
536,537,12.84003,2005-07-26,6922576,BECTON DICKINSON AND COMPANY,BAXTER INTERNATIONAL INC,0.08540539028660368
537,538,10.865837097167999,2003-02-11,6516953,BECTON DICKINSON AND COMPANY,KENNAMETAL INC,-0.24437445232750377
538,539,10.306129455566401,2003-01-14,6506181,BECTON DICKINSON AND COMPANY,KENNAMETAL INC,0.11495831781654375
539,540,10.865837097167999,2003-02-11,6517516,BECTON DICKINSON AND COMPANY,KENNAMETAL INC,-0.24437445232750377
540,541,10.306129455566401,2003-01-14,6506573,BECTON DICKINSON AND COMPANY,KENNAMETAL INC,0.11495831781654375
541,542,8.39223670959473,2003-01-21,6508987,BECTON DICKINSON AND COMPANY,KENNAMETAL INC,-0.32099582096352486
542,543,8.39223670959473,2003-01-21,6510007,BECTON DICKINSON AND COMPANY,KENNAMETAL INC,-0.32099582096352486
543,544,23.4197597503662,2003-02-18,6520935,BECTON DICKINSON AND COMPANY,KENNAMETAL INC,-0.022041836533303792
544,545,21.8665924072266,2003-03-11,6530371,BECTON DICKINSON AND COMPANY,KENNAMETAL INC,-0.10328571697309832
545,546,7.23154211044312,2003-03-25,6537242,BECTON DICKINSON AND COMPANY,KENNAMETAL INC,-0.0028201723733686235
546,547,7.23154211044312,2003-03-25,6537259,BECTON DICKINSON AND COMPANY,KENNAMETAL INC,-0.0028201723733686235
547,548,7.23154211044312,2003-03-25,6537503,BECTON DICKINSON AND COMPANY,KENNAMETAL INC,-0.0028201723733686235
548,549,23.605880737304698,2003-03-18,6533760,BECTON DICKINSON AND COMPANY,KENNAMETAL INC,0.9937150436978542
549,550,8.849406242370609,2003-05-27,6569123,BECTON DICKINSON AND COMPANY,KENNAMETAL INC,-0.017124652287693328
550,551,8.849406242370609,2003-05-27,6569143,BECTON DICKINSON AND COMPANY,KENNAMETAL INC,-0.017124652287693328
551,552,8.410840034484862,2003-05-06,6558357,BECTON DICKINSON AND COMPANY,KENNAMETAL INC,0.05842463647490798
552,553,22.4971084594727,2003-04-22,6551267,BECTON DICKINSON AND COMPANY,KENNAMETAL INC,0.009036603050613358
553,554,12.4988765716553,2003-05-13,6562010,BECTON DICKINSON AND COMPANY,KENNAMETAL INC,0.3395763625541909
554,555,13.1393604278564,2003-06-24,6582402,BECTON DICKINSON AND COMPANY,KENNAMETAL INC,-0.10896620579688052
555,556,11.584413528442399,2003-04-29,6555324,BECTON DICKINSON AND COMPANY,KENNAMETAL INC,0.04615091703911007
556,557,8.75906467437744,2003-07-01,6585698,BECTON DICKINSON AND COMPANY,KENNAMETAL INC,-0.021396562845053802
557,558,8.410840034484862,2003-05-06,6558354,BECTON DICKINSON AND COMPANY,KENNAMETAL INC,0.05842463647490798
558,559,8.410840034484862,2003-05-06,6558402,BECTON DICKINSON AND COMPANY,KENNAMETAL INC,0.05842463647490798
559,560,8.849406242370609,2003-05-27,6568241,BECTON DICKINSON AND COMPANY,KENNAMETAL INC,-0.017124652287693328
560,561,6.457537651062009,2003-06-03,6572827,BECTON DICKINSON AND COMPANY,KENNAMETAL INC,0.2508970507308476
561,562,4.01065444946289,2003-07-29,6599480,BECTON DICKINSON AND COMPANY,KENNAMETAL INC,0.018520468596931756
562,563,6.457537651062009,2003-06-03,6572591,BECTON DICKINSON AND COMPANY,KENNAMETAL INC,0.2508970507308476
563,564,8.75906467437744,2003-07-01,6585690,BECTON DICKINSON AND COMPANY,KENNAMETAL INC,-0.021396562845053802
564,565,13.1393604278564,2003-06-24,6583279,BECTON DICKINSON AND COMPANY,KENNAMETAL INC,-0.10896620579688052
565,566,8.47181797027588,2003-07-08,6589202,BECTON DICKINSON AND COMPANY,KENNAMETAL INC,0.5104391787373304
566,567,8.47181797027588,2003-07-08,6589057,BECTON DICKINSON AND COMPANY,KENNAMETAL INC,0.5104391787373304
567,568,23.5087947845459,2003-08-26,6610075,BECTON DICKINSON AND COMPANY,KENNAMETAL INC,-0.18075178412333215
568,569,4.01065444946289,2003-07-29,6599481,BECTON DICKINSON AND COMPANY,KENNAMETAL INC,0.018520468596931756
569,570,8.47181797027588,2003-07-08,6589229,BECTON DICKINSON AND COMPANY,KENNAMETAL INC,0.5104391787373304
570,571,8.75906467437744,2003-07-01,6586584,BECTON DICKINSON AND COMPANY,KENNAMETAL INC,-0.021396562845053802
571,572,5.9911189079284695,2003-07-22,6595960,BECTON DICKINSON AND COMPANY,KENNAMETAL INC,-0.11788776880818601
572,573,5.9911189079284695,2003-07-22,6597450,BECTON DICKINSON AND COMPANY,KENNAMETAL INC,-0.11788776880818601
573,574,4.01065444946289,2003-07-29,6599475,BECTON DICKINSON AND COMPANY,KENNAMETAL INC,0.018520468596931756
574,575,5.9911189079284695,2003-07-22,6595961,BECTON DICKINSON AND COMPANY,KENNAMETAL INC,-0.11788776880818601
575,576,13.523205757141099,2003-08-05,6601721,BECTON DICKINSON AND COMPANY,KENNAMETAL INC,-0.12057013374400909
576,577,7.8743801116943395,2003-09-23,6623457,BECTON DICKINSON AND COMPANY,KENNAMETAL INC,0.06825217599180433
577,578,5.9911189079284695,2003-07-22,6595947,BECTON DICKINSON AND COMPANY,KENNAMETAL INC,-0.11788776880818601
578,579,6.04851531982422,2003-09-30,6626925,BECTON DICKINSON AND COMPANY,KENNAMETAL INC,-0.23762672965064333
579,580,23.142511367797898,2003-08-19,6607513,BECTON DICKINSON AND COMPANY,KENNAMETAL INC,0.19318859237036268
580,581,4.01065444946289,2003-07-29,6599268,BECTON DICKINSON AND COMPANY,KENNAMETAL INC,0.018520468596931756
581,582,4.01065444946289,2003-07-29,6599269,BECTON DICKINSON AND COMPANY,KENNAMETAL INC,0.018520468596931756
582,583,13.523205757141099,2003-08-05,6602206,BECTON DICKINSON AND COMPANY,KENNAMETAL INC,-0.12057013374400909
583,584,6.2464075088501,2003-10-14,6633369,BECTON DICKINSON AND COMPANY,KENNAMETAL INC,0.1223009736278901
584,585,12.458891868591301,2003-09-09,6616639,BECTON DICKINSON AND COMPANY,KENNAMETAL INC,-0.20846173593927853
585,586,11.867591857910199,2003-09-02,6613535,BECTON DICKINSON AND COMPANY,KENNAMETAL INC,0.033761908116529155
586,587,11.867591857910199,2003-09-02,6612997,BECTON DICKINSON AND COMPANY,KENNAMETAL INC,0.033761908116529155
587,588,7.8743801116943395,2003-09-23,6622721,BECTON DICKINSON AND COMPANY,KENNAMETAL INC,0.06825217599180433
588,589,11.490840911865199,2003-10-21,6635032,BECTON DICKINSON AND COMPANY,KENNAMETAL INC,-0.28315406359916523
589,590,12.6361532211304,2003-10-07,6629963,BECTON DICKINSON AND COMPANY,KENNAMETAL INC,0.10559743622691074
590,591,11.490840911865199,2003-10-21,6636818,BECTON DICKINSON AND COMPANY,KENNAMETAL INC,-0.28315406359916523
591,592,7.8541750907897905,2003-10-28,6638252,BECTON DICKINSON AND COMPANY,KENNAMETAL INC,-0.21278674532013278
592,593,24.083314895629897,2003-11-04,6642047,BECTON DICKINSON AND COMPANY,KENNAMETAL INC,-0.057598150907790246
593,594,9.17358112335205,2003-12-09,6660489,BECTON DICKINSON AND COMPANY,KENNAMETAL INC,-0.0500912883357282
594,595,13.353974342346199,2003-11-11,6645182,BECTON DICKINSON AND COMPANY,KENNAMETAL INC,-0.06179265183879945
595,596,13.5532388687134,2003-11-25,6651835,BECTON DICKINSON AND COMPANY,KENNAMETAL INC,0.02491680344807607
596,597,6.2464075088501,2003-10-14,6633368,BECTON DICKINSON AND COMPANY,KENNAMETAL INC,0.1223009736278901
597,598,11.1919384002686,2004-01-06,6673047,BECTON DICKINSON AND COMPANY,KENNAMETAL INC,0.08296223822222312
598,599,13.353974342346199,2003-11-11,6644309,BECTON DICKINSON AND COMPANY,KENNAMETAL INC,-0.06179265183879945
599,600,13.885251998901401,2003-12-02,6656680,BECTON DICKINSON AND COMPANY,KENNAMETAL INC,0.017984403198070598
600,601,13.011810302734402,2003-11-18,6648855,BECTON DICKINSON AND COMPANY,KENNAMETAL INC,-0.03342611585170721
601,602,8.498218536376951,2003-12-16,6663601,BECTON DICKINSON AND COMPANY,KENNAMETAL INC,0.19922978209069628
602,603,13.5532388687134,2003-11-25,6652490,BECTON DICKINSON AND COMPANY,KENNAMETAL INC,0.02491680344807607
603,604,9.17358112335205,2003-12-09,6659984,BECTON DICKINSON AND COMPANY,KENNAMETAL INC,-0.0500912883357282
604,605,26.9956970214844,2003-12-23,6666359,BECTON DICKINSON AND COMPANY,KENNAMETAL INC,0.02957438621270882
605,606,8.40183353424072,2004-02-10,6689106,BECTON DICKINSON AND COMPANY,KENNAMETAL INC,0.20883695278072437
606,607,7.85587644577026,2004-01-20,6680208,BECTON DICKINSON AND COMPANY,KENNAMETAL INC,0.1215877212281323
607,608,12.3929004669189,2004-02-03,6686204,BECTON DICKINSON AND COMPANY,KENNAMETAL INC,-0.2261368179157564
608,609,8.40183353424072,2004-02-10,6689100,BECTON DICKINSON AND COMPANY,KENNAMETAL INC,0.20883695278072437
609,610,5.00292682647705,2004-01-27,6681946,BECTON DICKINSON AND COMPANY,KENNAMETAL INC,-0.10417143443855141
610,611,5.00292682647705,2004-01-27,6682510,BECTON DICKINSON AND COMPANY,KENNAMETAL INC,-0.10417143443855141
611,612,5.00292682647705,2004-01-27,6683314,BECTON DICKINSON AND COMPANY,KENNAMETAL INC,-0.10417143443855141
612,613,12.3929004669189,2004-02-03,6685676,BECTON DICKINSON AND COMPANY,KENNAMETAL INC,-0.2261368179157564
613,614,5.00292682647705,2004-01-27,6681475,BECTON DICKINSON AND COMPANY,KENNAMETAL INC,-0.10417143443855141
614,615,24.2210292816162,2004-03-16,6705061,BECTON DICKINSON AND COMPANY,KENNAMETAL INC,-0.3198711688311235
615,616,24.938480377197298,2004-03-23,6709857,BECTON DICKINSON AND COMPANY,KENNAMETAL INC,-0.16131630701831806
616,617,8.67267513275146,2004-04-13,6719730,BECTON DICKINSON AND COMPANY,KENNAMETAL INC,-0.07494512976170681
617,618,15.2831354141235,2004-04-20,6722364,BECTON DICKINSON AND COMPANY,KENNAMETAL INC,0.5356108171185967
618,619,12.9953079223633,2004-03-30,6712792,BECTON DICKINSON AND COMPANY,KENNAMETAL INC,0.3747571894249136
619,620,15.2831354141235,2004-04-20,6723689,BECTON DICKINSON AND COMPANY,KENNAMETAL INC,0.5356108171185967
620,621,24.6457023620605,2004-04-06,6717657,BECTON DICKINSON AND COMPANY,KENNAMETAL INC,0.1311746875131592
621,622,12.9953079223633,2004-03-30,6714287,BECTON DICKINSON AND COMPANY,KENNAMETAL INC,0.3747571894249136
622,623,14.1552381515503,2004-06-08,6746430,BECTON DICKINSON AND COMPANY,KENNAMETAL INC,-0.035009090411934216
623,624,8.67267513275146,2004-04-13,6719727,BECTON DICKINSON AND COMPANY,KENNAMETAL INC,-0.07494512976170681
624,625,8.67267513275146,2004-04-13,6719726,BECTON DICKINSON AND COMPANY,KENNAMETAL INC,-0.07494512976170681
625,626,12.2599315643311,2004-05-25,6740501,BECTON DICKINSON AND COMPANY,KENNAMETAL INC,0.16648733841117933
626,627,24.457054138183604,2004-06-22,6753177,BECTON DICKINSON AND COMPANY,KENNAMETAL INC,0.1025459974470424
627,628,26.567403793335,2004-04-27,6726649,BECTON DICKINSON AND COMPANY,KENNAMETAL INC,-0.19468375118714118
628,629,27.688505172729503,2004-05-04,6730059,BECTON DICKINSON AND COMPANY,KENNAMETAL INC,-0.1767595766153479
629,630,12.2599315643311,2004-05-25,6740277,BECTON DICKINSON AND COMPANY,KENNAMETAL INC,0.16648733841117933
630,631,9.0978946685791,2004-06-01,6743582,BECTON DICKINSON AND COMPANY,KENNAMETAL INC,0.07292627446841182
631,632,9.0978946685791,2004-06-01,6743216,BECTON DICKINSON AND COMPANY,KENNAMETAL INC,0.07292627446841182
632,633,9.19045352935791,2004-06-15,6750457,BECTON DICKINSON AND COMPANY,KENNAMETAL INC,-0.10278590920801102
633,634,9.19045352935791,2004-06-15,6749588,BECTON DICKINSON AND COMPANY,KENNAMETAL INC,-0.10278590920801102
634,635,13.417355537414599,2004-07-13,6761704,BECTON DICKINSON AND COMPANY,KENNAMETAL INC,-0.2035791989146885
635,636,24.5719051361084,2004-06-29,6755804,BECTON DICKINSON AND COMPANY,KENNAMETAL INC,-0.018934598138347185
636,637,23.4420318603516,2004-07-27,6767188,BECTON DICKINSON AND COMPANY,KENNAMETAL INC,0.140538218651581
637,638,27.4014835357666,2004-07-06,6759510,BECTON DICKINSON AND COMPANY,KENNAMETAL INC,-0.31093475093063894
638,639,11.8023061752319,2004-08-24,6780171,BECTON DICKINSON AND COMPANY,KENNAMETAL INC,-0.18280212464656492
639,640,13.417355537414599,2004-07-13,6762206,BECTON DICKINSON AND COMPANY,KENNAMETAL INC,-0.2035791989146885
640,641,26.473279953002898,2004-08-03,6770752,BECTON DICKINSON AND COMPANY,KENNAMETAL INC,-0.08710553314496088
641,642,12.1567115783691,2004-08-17,6776776,BECTON DICKINSON AND COMPANY,KENNAMETAL INC,0.014409284019947365
642,643,13.828887939453098,2004-08-31,6782887,BECTON DICKINSON AND COMPANY,KENNAMETAL INC,-0.12018161062984298
643,644,27.0068302154541,2004-09-14,6790197,BECTON DICKINSON AND COMPANY,KENNAMETAL INC,0.15955890043992602
644,645,26.5711860656738,2004-09-07,6788409,BECTON DICKINSON AND COMPANY,KENNAMETAL INC,0.1444307696928149
645,646,11.8023061752319,2004-08-24,6780169,BECTON DICKINSON AND COMPANY,KENNAMETAL INC,-0.18280212464656492
646,647,6.59622859954834,2004-09-21,6793646,BECTON DICKINSON AND COMPANY,KENNAMETAL INC,0.10343250811965414
647,648,6.59622859954834,2004-09-21,6792743,BECTON DICKINSON AND COMPANY,KENNAMETAL INC,0.10343250811965414
648,649,13.0431871414185,2004-10-12,6803022,BECTON DICKINSON AND COMPANY,KENNAMETAL INC,-0.1626564125244612
649,650,6.59622859954834,2004-09-21,6792662,BECTON DICKINSON AND COMPANY,KENNAMETAL INC,0.10343250811965414
650,651,9.02736949920654,2004-10-26,6808506,BECTON DICKINSON AND COMPANY,KENNAMETAL INC,0.10140120426868147
651,652,13.0431871414185,2004-10-12,6802903,BECTON DICKINSON AND COMPANY,KENNAMETAL INC,-0.1626564125244612
652,653,9.0474214553833,2004-11-16,6819408,BECTON DICKINSON AND COMPANY,KENNAMETAL INC,-0.057181262485316624
653,654,12.421607971191401,2004-11-02,6813017,BECTON DICKINSON AND COMPANY,KENNAMETAL INC,0.05460498679862036
654,655,9.02736949920654,2004-10-26,6808574,BECTON DICKINSON AND COMPANY,KENNAMETAL INC,0.10140120426868147
655,656,28.2230529785156,2004-12-28,6835184,BECTON DICKINSON AND COMPANY,KENNAMETAL INC,-0.02212444317498557
656,657,9.0474214553833,2004-11-16,6818438,BECTON DICKINSON AND COMPANY,KENNAMETAL INC,-0.057181262485316624
657,658,29.6412925720215,2005-02-01,6849422,BECTON DICKINSON AND COMPANY,KENNAMETAL INC,0.2079058303763565
658,659,6.5254402160644505,2005-02-15,6855128,BECTON DICKINSON AND COMPANY,KENNAMETAL INC,-0.026536390834612546
659,660,15.161608695983901,2004-12-07,6826949,BECTON DICKINSON AND COMPANY,KENNAMETAL INC,-0.2790149874203342
660,661,8.49897861480713,2005-01-04,6837872,BECTON DICKINSON AND COMPANY,KENNAMETAL INC,-0.2063033083053349
661,662,12.49156665802,2005-01-11,6840291,BECTON DICKINSON AND COMPANY,KENNAMETAL INC,-0.11472524675757091
662,663,12.49156665802,2005-01-11,6841384,BECTON DICKINSON AND COMPANY,KENNAMETAL INC,-0.11472524675757091
663,664,27.995332717895497,2004-12-21,6832992,BECTON DICKINSON AND COMPANY,KENNAMETAL INC,0.029410664550891207
664,665,8.49897861480713,2005-01-04,6838285,BECTON DICKINSON AND COMPANY,KENNAMETAL INC,-0.2063033083053349
665,666,6.5254402160644505,2005-02-15,6855130,BECTON DICKINSON AND COMPANY,KENNAMETAL INC,-0.026536390834612546
666,667,25.8231220245361,2005-01-18,6843781,BECTON DICKINSON AND COMPANY,KENNAMETAL INC,0.046997554480847206
667,668,6.5254402160644505,2005-02-15,6855556,BECTON DICKINSON AND COMPANY,KENNAMETAL INC,-0.026536390834612546
668,669,9.11289978027344,2005-03-15,6866656,BECTON DICKINSON AND COMPANY,KENNAMETAL INC,0.09985952642290635
669,670,9.11289978027344,2005-03-15,6866640,BECTON DICKINSON AND COMPANY,KENNAMETAL INC,0.09985952642290635
670,671,9.11289978027344,2005-03-15,6867049,BECTON DICKINSON AND COMPANY,KENNAMETAL INC,0.09985952642290635
671,672,26.836612701416,2005-03-22,6869405,BECTON DICKINSON AND COMPANY,KENNAMETAL INC,-0.1047315240817148
672,673,9.17535877227783,2005-05-10,6890310,BECTON DICKINSON AND COMPANY,KENNAMETAL INC,-0.31871462160991654
673,674,12.80213,2005-04-19,6881202,BECTON DICKINSON AND COMPANY,KENNAMETAL INC,0.06371326174576489
674,675,7.467891000000001,2005-06-14,6904662,BECTON DICKINSON AND COMPANY,KENNAMETAL INC,0.08643819333869224
675,676,24.76997,2005-05-24,6897954,BECTON DICKINSON AND COMPANY,KENNAMETAL INC,-0.0506653209418926
676,677,9.175359,2005-05-10,6890759,BECTON DICKINSON AND COMPANY,KENNAMETAL INC,-0.31871462160991654
677,678,12.80213,2005-04-19,6880414,BECTON DICKINSON AND COMPANY,KENNAMETAL INC,0.06371326174576489
678,679,22.018320000000003,2005-06-21,6908459,BECTON DICKINSON AND COMPANY,KENNAMETAL INC,0.0840990578214338
679,680,8.335837,2005-05-31,6899838,BECTON DICKINSON AND COMPANY,KENNAMETAL INC,-0.08324834457483765
680,681,7.467891000000001,2005-06-14,6905483,BECTON DICKINSON AND COMPANY,KENNAMETAL INC,0.08643819333869224
681,682,23.00214,2005-07-05,6914212,BECTON DICKINSON AND COMPANY,KENNAMETAL INC,-0.017694699264645904
682,683,7.871752000000001,2005-09-06,6939709,BECTON DICKINSON AND COMPANY,KENNAMETAL INC,0.32289409666530733
683,684,24.998170000000002,2005-08-16,6929005,BECTON DICKINSON AND COMPANY,KENNAMETAL INC,-0.07201163854556836
684,685,11.6346,2005-07-12,6916133,BECTON DICKINSON AND COMPANY,KENNAMETAL INC,0.257361198323306
685,686,11.6346,2005-07-12,6916608,BECTON DICKINSON AND COMPANY,KENNAMETAL INC,0.257361198323306
686,687,12.84003,2005-07-26,6921395,BECTON DICKINSON AND COMPANY,KENNAMETAL INC,-0.08033457097821214
687,688,11.495619999999999,2005-08-23,6932803,BECTON DICKINSON AND COMPANY,KENNAMETAL INC,-0.09840724760002263
688,689,24.03937,2005-09-13,6944338,BECTON DICKINSON AND COMPANY,KENNAMETAL INC,-0.04167312677413325
689,690,23.95569,2005-08-09,6926700,BECTON DICKINSON AND COMPANY,KENNAMETAL INC,-0.09890798105987493
690,691,12.59716,2005-10-04,6951727,BECTON DICKINSON AND COMPANY,KENNAMETAL INC,0.07416850527335123
691,692,7.979114999999999,2005-08-30,6936036,BECTON DICKINSON AND COMPANY,KENNAMETAL INC,0.150302101400409
692,693,7.871752000000001,2005-09-06,6939696,BECTON DICKINSON AND COMPANY,KENNAMETAL INC,0.32289409666530733
693,694,7.871752000000001,2005-09-06,6939516,BECTON DICKINSON AND COMPANY,KENNAMETAL INC,0.32289409666530733
694,695,23.65762,2005-09-20,6945417,BECTON DICKINSON AND COMPANY,KENNAMETAL INC,-0.04818187129227004
695,696,25.75674,2005-11-22,6967086,BECTON DICKINSON AND COMPANY,KENNAMETAL INC,0.11305252332018796
696,697,12.59716,2005-10-04,6952604,BECTON DICKINSON AND COMPANY,KENNAMETAL INC,0.07416850527335123
697,698,30.872940000000003,2005-11-01,6960193,BECTON DICKINSON AND COMPANY,KENNAMETAL INC,0.26919632488775447
698,699,22.06201,2005-10-25,6957745,BECTON DICKINSON AND COMPANY,KENNAMETAL INC,-0.09621615092344832
699,700,24.94821,2005-11-29,6969375,BECTON DICKINSON AND COMPANY,KENNAMETAL INC,-0.11016941427232028
700,701,27.74029,2005-12-13,6974423,BECTON DICKINSON AND COMPANY,KENNAMETAL INC,-0.06593740675339221
701,702,11.191939999999999,2004-01-06,6672458,BECTON DICKINSON AND COMPANY,KENNAMETAL INC,0.08296223822222312
702,703,6.525440000000001,2005-02-15,6855812,BECTON DICKINSON AND COMPANY,KENNAMETAL INC,-0.026536390834612546
703,704,24.48595,2005-06-28,6910597,BECTON DICKINSON AND COMPANY,KENNAMETAL INC,-0.01177510109310216
704,705,8.498219,2003-12-16,6662957,BECTON DICKINSON AND COMPANY,KENNAMETAL INC,0.19922978209069628
705,706,22.97089,2003-04-08,6544793,BECTON DICKINSON AND COMPANY,KENNAMETAL INC,-0.14919943449679474
706,707,8.335837,2005-05-31,6899850,BECTON DICKINSON AND COMPANY,KENNAMETAL INC,-0.08324834457483765
707,708,8.401834,2004-02-10,6689118,BECTON DICKINSON AND COMPANY,KENNAMETAL INC,0.20883695278072437
708,709,24.20744,2004-03-09,6702779,BECTON DICKINSON AND COMPANY,KENNAMETAL INC,-0.17531120024055197
709,710,8.335837,2005-05-31,6900030,BECTON DICKINSON AND COMPANY,KENNAMETAL INC,-0.08324834457483765
710,711,13.88525,2003-12-02,6656147,BECTON DICKINSON AND COMPANY,KENNAMETAL INC,0.017984403198070598
711,712,9.190453999999999,2004-06-15,6749078,BECTON DICKINSON AND COMPANY,KENNAMETAL INC,-0.10278590920801102
712,713,7.979114999999999,2005-08-30,6936319,BECTON DICKINSON AND COMPANY,KENNAMETAL INC,0.150302101400409
713,714,25.91512,2003-06-10,6576430,BECTON DICKINSON AND COMPANY,KENNAMETAL INC,-0.011586721475775481
714,715,12.49888,2003-05-13,6562300,BECTON DICKINSON AND COMPANY,KENNAMETAL INC,0.3395763625541909
715,716,13.292060000000001,2004-11-23,6821789,BECTON DICKINSON AND COMPANY,KENNAMETAL INC,0.04810957115256331
716,717,8.498219,2003-12-16,6663603,BECTON DICKINSON AND COMPANY,KENNAMETAL INC,0.19922978209069628
717,718,7.979114999999999,2005-08-30,6936032,BECTON DICKINSON AND COMPANY,KENNAMETAL INC,0.150302101400409
718,719,12.61807,2005-06-07,6902534,BECTON DICKINSON AND COMPANY,KENNAMETAL INC,-0.10962761172343355
719,720,12.63615,2003-10-07,6629602,BECTON DICKINSON AND COMPANY,KENNAMETAL INC,0.10559743622691074
720,721,7.855875999999999,2004-01-20,6679864,BECTON DICKINSON AND COMPANY,KENNAMETAL INC,0.1215877212281323
721,722,7.855875999999999,2004-01-20,6679863,BECTON DICKINSON AND COMPANY,KENNAMETAL INC,0.1215877212281323
722,723,7.467891000000001,2005-06-14,6905485,BECTON DICKINSON AND COMPANY,KENNAMETAL INC,0.08643819333869224
723,724,11.495619999999999,2005-08-23,6932794,BECTON DICKINSON AND COMPANY,KENNAMETAL INC,-0.09840724760002263
724,725,12.421610000000001,2004-11-02,6811547,BECTON DICKINSON AND COMPANY,KENNAMETAL INC,0.05460498679862036
725,726,14.15524,2004-06-08,6746428,BECTON DICKINSON AND COMPANY,KENNAMETAL INC,-0.035009090411934216
726,727,7.87438,2003-09-23,6623461,BECTON DICKINSON AND COMPANY,KENNAMETAL INC,0.06825217599180433
727,728,9.173581,2003-12-09,6659983,BECTON DICKINSON AND COMPANY,KENNAMETAL INC,-0.0500912883357282
728,729,13.01181,2003-11-18,6648836,BECTON DICKINSON AND COMPANY,KENNAMETAL INC,-0.03342611585170721
729,730,15.161610000000001,2004-12-07,6827905,BECTON DICKINSON AND COMPANY,KENNAMETAL INC,-0.2790149874203342
730,731,11.650039999999999,2003-03-04,6527747,BECTON DICKINSON AND COMPANY,KENNAMETAL INC,-0.08732211422543035
731,732,4.010654,2003-07-29,6598796,BECTON DICKINSON AND COMPANY,KENNAMETAL INC,0.018520468596931756
732,733,8.392237,2003-01-21,6508966,BECTON DICKINSON AND COMPANY,KENNAMETAL INC,-0.32099582096352486
733,734,6.246408,2003-10-14,6632199,BECTON DICKINSON AND COMPANY,KENNAMETAL INC,0.1223009736278901
734,735,6.246408,2003-10-14,6632198,BECTON DICKINSON AND COMPANY,KENNAMETAL INC,0.1223009736278901
735,736,12.45889,2003-09-09,6617450,BECTON DICKINSON AND COMPANY,KENNAMETAL INC,-0.20846173593927853
736,737,12.15671,2004-08-17,6776777,BECTON DICKINSON AND COMPANY,KENNAMETAL INC,0.014409284019947365
737,738,8.498978999999999,2005-01-04,6837954,BECTON DICKINSON AND COMPANY,KENNAMETAL INC,-0.2063033083053349
738,739,12.61807,2005-06-07,6904301,BECTON DICKINSON AND COMPANY,KENNAMETAL INC,-0.10962761172343355
739,740,5.002927,2004-01-27,6682889,BECTON DICKINSON AND COMPANY,KENNAMETAL INC,-0.10417143443855141
740,741,9.175359,2005-05-10,6892084,BECTON DICKINSON AND COMPANY,KENNAMETAL INC,-0.31871462160991654
741,742,11.58441,2003-04-29,6555387,BECTON DICKINSON AND COMPANY,KENNAMETAL INC,0.04615091703911007
742,743,9.097895,2004-06-01,6743186,BECTON DICKINSON AND COMPANY,KENNAMETAL INC,0.07292627446841182
743,744,28.447029999999998,2005-02-22,6859738,BECTON DICKINSON AND COMPANY,KENNAMETAL INC,-0.08149474631648754
744,745,24.7302,2004-03-02,6699217,BECTON DICKINSON AND COMPANY,KENNAMETAL INC,0.12594865956371507
745,746,13.292060000000001,2004-11-23,6821740,BECTON DICKINSON AND COMPANY,KENNAMETAL INC,0.04810957115256331
746,747,9.027369,2004-10-26,6809804,BECTON DICKINSON AND COMPANY,KENNAMETAL INC,0.10140120426868147
747,748,23.22029,2005-10-11,6953448,BECTON DICKINSON AND COMPANY,KENNAMETAL INC,-0.033030888724000354
748,749,24.98184,2005-07-19,6920405,BECTON DICKINSON AND COMPANY,KENNAMETAL INC,0.1092639113085796
749,750,12.84003,2005-07-26,6922576,BECTON DICKINSON AND COMPANY,KENNAMETAL INC,-0.08033457097821214
750,751,3.38729572296143,2003-01-14,6506003,KENNAMETAL INC,BAXTER INTERNATIONAL INC,0.40303949582376364
751,752,2.97111940383911,2003-03-11,6530726,KENNAMETAL INC,BAXTER INTERNATIONAL INC,-0.7561708328057957
752,753,3.20701622962952,2003-01-21,6508612,KENNAMETAL INC,BAXTER INTERNATIONAL INC,-0.2785434858197287
753,754,2.7854652404785196,2003-04-08,6543318,KENNAMETAL INC,BAXTER INTERNATIONAL INC,-0.04629226557547747
754,755,2.9385423660278303,2003-05-06,6558086,KENNAMETAL INC,BAXTER INTERNATIONAL INC,-0.019371856202758112
755,756,3.28315329551697,2003-06-10,6575671,KENNAMETAL INC,BAXTER INTERNATIONAL INC,0.02493212147495073
756,757,2.69410824775696,2003-04-22,6551375,KENNAMETAL INC,BAXTER INTERNATIONAL INC,0.09075061141993562
757,758,3.37965774536133,2003-06-17,6579043,KENNAMETAL INC,BAXTER INTERNATIONAL INC,-0.13694594151248163
758,759,3.79398465156555,2003-08-12,6604893,KENNAMETAL INC,BAXTER INTERNATIONAL INC,0.103423168269736
759,760,3.21937537193298,2003-06-24,6582164,KENNAMETAL INC,BAXTER INTERNATIONAL INC,-0.2554713585096724
760,761,3.47688841819763,2003-08-05,6602029,KENNAMETAL INC,BAXTER INTERNATIONAL INC,0.0688372936171262
761,762,3.4793286323547403,2003-07-22,6595305,KENNAMETAL INC,BAXTER INTERNATIONAL INC,0.6805436158897492
762,763,1.81721484661102,2003-07-29,6599061,KENNAMETAL INC,BAXTER INTERNATIONAL INC,0.20777785527882506
763,764,3.4721221923828103,2003-09-30,6625894,KENNAMETAL INC,BAXTER INTERNATIONAL INC,0.007517518843944769
764,765,3.6036539077758802,2003-09-02,6612787,KENNAMETAL INC,BAXTER INTERNATIONAL INC,0.1569904685859329
765,766,1.8312797546386699,2003-08-26,6609858,KENNAMETAL INC,BAXTER INTERNATIONAL INC,-0.11337524434569113
766,767,1.84815001487732,2003-09-16,6619165,KENNAMETAL INC,BAXTER INTERNATIONAL INC,0.1668043458343725
767,768,3.7078208923339804,2003-11-04,6640731,KENNAMETAL INC,BAXTER INTERNATIONAL INC,-0.43602188265511155
768,769,1.89800560474396,2003-12-09,6660329,KENNAMETAL INC,BAXTER INTERNATIONAL INC,0.25180834858656637
769,770,3.88005375862122,2003-10-14,6632050,KENNAMETAL INC,BAXTER INTERNATIONAL INC,-0.24828150602198196
770,771,3.2093305587768595,2003-10-28,6638474,KENNAMETAL INC,BAXTER INTERNATIONAL INC,-0.13163943607305412
771,772,1.89800560474396,2003-12-09,6660133,KENNAMETAL INC,BAXTER INTERNATIONAL INC,0.25180834858656637
772,773,1.9004590511322002,2003-12-02,6655882,KENNAMETAL INC,BAXTER INTERNATIONAL INC,0.17938551356545077
773,774,2.96341156959534,2004-02-10,6688817,KENNAMETAL INC,BAXTER INTERNATIONAL INC,0.058523793362622735
774,775,3.24382400512695,2004-01-13,6676339,KENNAMETAL INC,BAXTER INTERNATIONAL INC,-0.11829237603987075
775,776,2.9625978469848597,2004-02-03,6684968,KENNAMETAL INC,BAXTER INTERNATIONAL INC,0.18714792660883223
776,777,2.9911272525787402,2004-02-17,6693054,KENNAMETAL INC,BAXTER INTERNATIONAL INC,-0.02237194426915518
777,778,1.53742492198944,2004-03-09,6702526,KENNAMETAL INC,BAXTER INTERNATIONAL INC,0.07866186651614232
778,779,1.53742492198944,2004-03-09,6702525,KENNAMETAL INC,BAXTER INTERNATIONAL INC,0.07866186651614232
779,780,1.49752867221832,2004-05-25,6739808,KENNAMETAL INC,BAXTER INTERNATIONAL INC,-0.025181475867434026
780,781,1.49752867221832,2004-05-25,6739809,KENNAMETAL INC,BAXTER INTERNATIONAL INC,-0.025181475867434026
781,782,3.21491694450378,2004-04-20,6722823,KENNAMETAL INC,BAXTER INTERNATIONAL INC,0.5046444979293415
782,783,3.2263817787170397,2004-06-08,6745709,KENNAMETAL INC,BAXTER INTERNATIONAL INC,0.11036074801008156
783,784,1.05907595157623,2004-06-01,6742970,KENNAMETAL INC,BAXTER INTERNATIONAL INC,0.11720391651491255
784,785,2.80970549583435,2004-08-24,6780116,KENNAMETAL INC,BAXTER INTERNATIONAL INC,-0.11393297552308879
785,786,2.95804071426392,2004-07-20,6764140,KENNAMETAL INC,BAXTER INTERNATIONAL INC,-0.3512526410334466
786,787,2.92102766036987,2004-08-03,6769844,KENNAMETAL INC,BAXTER INTERNATIONAL INC,0.03231440084333673
787,788,1.4360383749008199,2004-08-10,6773209,KENNAMETAL INC,BAXTER INTERNATIONAL INC,-0.060965112190725604
788,789,1.64470398426056,2004-09-07,6786557,KENNAMETAL INC,BAXTER INTERNATIONAL INC,0.1359177787015008
789,790,3.7285556793212904,2004-11-30,6824225,KENNAMETAL INC,BAXTER INTERNATIONAL INC,-0.013612103421401177
790,791,1.96236753463745,2005-02-15,6854810,KENNAMETAL INC,BAXTER INTERNATIONAL INC,-0.027085147687727823
791,792,1.94732594490051,2005-02-22,6857861,KENNAMETAL INC,BAXTER INTERNATIONAL INC,0.15484406583741492
792,793,3.9066545963287402,2005-03-01,6860344,KENNAMETAL INC,BAXTER INTERNATIONAL INC,-0.03673115214619092
793,794,1.94732594490051,2005-02-22,6858333,KENNAMETAL INC,BAXTER INTERNATIONAL INC,0.15484406583741492
794,795,1.96236753463745,2005-02-15,6854527,KENNAMETAL INC,BAXTER INTERNATIONAL INC,-0.027085147687727823
795,796,3.8205945491790803,2005-02-08,6851758,KENNAMETAL INC,BAXTER INTERNATIONAL INC,0.10913787651671941
796,797,4.038683414459229,2005-03-15,6866921,KENNAMETAL INC,BAXTER INTERNATIONAL INC,-0.15363810575547446
797,798,3.43804,2005-05-10,6890655,KENNAMETAL INC,BAXTER INTERNATIONAL INC,0.007614298763617152
798,799,3.444846,2005-04-26,6884499,KENNAMETAL INC,BAXTER INTERNATIONAL INC,0.5138656234776139
799,800,3.886945,2005-04-12,6877406,KENNAMETAL INC,BAXTER INTERNATIONAL INC,0.07537988998412114
800,801,3.606093,2005-05-03,6886645,KENNAMETAL INC,BAXTER INTERNATIONAL INC,-0.019036338478013736
801,802,1.839704,2005-08-16,6929426,KENNAMETAL INC,BAXTER INTERNATIONAL INC,0.03286615369129831
802,803,3.748907,2005-06-21,6908688,KENNAMETAL INC,BAXTER INTERNATIONAL INC,0.1284271104246464
803,804,3.685051,2005-07-05,6913427,KENNAMETAL INC,BAXTER INTERNATIONAL INC,-0.06814588126630046
804,805,1.839704,2005-08-16,6929434,KENNAMETAL INC,BAXTER INTERNATIONAL INC,0.03286615369129831
805,806,3.9827199999999996,2005-09-20,6945340,KENNAMETAL INC,BAXTER INTERNATIONAL INC,0.03300448601672845
806,807,4.4677489999999995,2005-12-20,6976811,KENNAMETAL INC,BAXTER INTERNATIONAL INC,-0.10164329755795065
807,808,4.451928,2005-11-08,6962395,KENNAMETAL INC,BAXTER INTERNATIONAL INC,0.10266428543950314
808,809,4.341028,2005-11-15,6964933,KENNAMETAL INC,BAXTER INTERNATIONAL INC,0.06154672680189521
809,810,2.181563,2005-11-22,6966270,KENNAMETAL INC,BAXTER INTERNATIONAL INC,0.12021219603047492
810,811,3.748453,2005-07-12,6915867,KENNAMETAL INC,BAXTER INTERNATIONAL INC,0.16573781885252034
811,812,4.0873800000000005,2005-02-01,6848868,KENNAMETAL INC,BAXTER INTERNATIONAL INC,-0.13991983476832398
812,813,1.9004590000000001,2003-12-02,6655480,KENNAMETAL INC,BAXTER INTERNATIONAL INC,0.17938551356545077
813,814,2.854844,2003-03-25,6537343,KENNAMETAL INC,BAXTER INTERNATIONAL INC,-0.42496997750664256
814,815,1.84815,2003-09-16,6619897,KENNAMETAL INC,BAXTER INTERNATIONAL INC,0.1668043458343725
815,816,3.265771,2003-06-03,6574527,KENNAMETAL INC,BAXTER INTERNATIONAL INC,0.4326025002651912
816,817,3.6472379999999998,2003-11-18,6648560,KENNAMETAL INC,BAXTER INTERNATIONAL INC,0.112337544863901
817,818,3.698461,2005-06-14,6905992,KENNAMETAL INC,BAXTER INTERNATIONAL INC,-0.004206620356896956
818,819,4.896667,2005-10-18,6954989,KENNAMETAL INC,BAXTER INTERNATIONAL INC,-0.054392103206912124
819,820,2.978724,2003-04-29,6554548,KENNAMETAL INC,BAXTER INTERNATIONAL INC,0.3533274288651522
820,821,1.436038,2004-08-10,6773210,KENNAMETAL INC,BAXTER INTERNATIONAL INC,-0.060965112190725604
821,822,2.181563,2005-11-22,6966728,KENNAMETAL INC,BAXTER INTERNATIONAL INC,0.12021219603047492
822,823,3.384927,2004-11-02,6811359,KENNAMETAL INC,BAXTER INTERNATIONAL INC,0.0690201143173658
823,824,1.0590760000000001,2004-06-01,6742969,KENNAMETAL INC,BAXTER INTERNATIONAL INC,0.11720391651491255
824,825,3.38729572296143,2003-01-14,6506003,KENNAMETAL INC,BECTON DICKINSON AND COMPANY,-0.017351885867151737
825,826,2.97111940383911,2003-03-11,6530726,KENNAMETAL INC,BECTON DICKINSON AND COMPANY,-0.17592954025689594
826,827,3.20701622962952,2003-01-21,6508612,KENNAMETAL INC,BECTON DICKINSON AND COMPANY,0.11377391876181175
827,828,2.7854652404785196,2003-04-08,6543318,KENNAMETAL INC,BECTON DICKINSON AND COMPANY,-0.2234922836037027
828,829,2.9385423660278303,2003-05-06,6558086,KENNAMETAL INC,BECTON DICKINSON AND COMPANY,0.13648217010131877
829,830,3.28315329551697,2003-06-10,6575671,KENNAMETAL INC,BECTON DICKINSON AND COMPANY,-0.09365822486687488
830,831,2.69410824775696,2003-04-22,6551375,KENNAMETAL INC,BECTON DICKINSON AND COMPANY,0.07296074166230813
831,832,3.37965774536133,2003-06-17,6579043,KENNAMETAL INC,BECTON DICKINSON AND COMPANY,-0.11122153108633995
832,833,3.79398465156555,2003-08-12,6604893,KENNAMETAL INC,BECTON DICKINSON AND COMPANY,0.10211861148603704
833,834,3.21937537193298,2003-06-24,6582164,KENNAMETAL INC,BECTON DICKINSON AND COMPANY,-0.45321952061163634
834,835,3.47688841819763,2003-08-05,6602029,KENNAMETAL INC,BECTON DICKINSON AND COMPANY,-0.14673059066166938
835,836,3.4793286323547403,2003-07-22,6595305,KENNAMETAL INC,BECTON DICKINSON AND COMPANY,-0.08049784032423002
836,837,1.81721484661102,2003-07-29,6599061,KENNAMETAL INC,BECTON DICKINSON AND COMPANY,-0.28345697213090865
837,838,3.4721221923828103,2003-09-30,6625894,KENNAMETAL INC,BECTON DICKINSON AND COMPANY,0.04012273726508242
838,839,3.6036539077758802,2003-09-02,6612787,KENNAMETAL INC,BECTON DICKINSON AND COMPANY,-0.07265523205890681
839,840,1.8312797546386699,2003-08-26,6609858,KENNAMETAL INC,BECTON DICKINSON AND COMPANY,-0.29395035392166025
840,841,1.84815001487732,2003-09-16,6619165,KENNAMETAL INC,BECTON DICKINSON AND COMPANY,0.04083895552777221
841,842,3.7078208923339804,2003-11-04,6640731,KENNAMETAL INC,BECTON DICKINSON AND COMPANY,-0.07783046471051323
842,843,1.89800560474396,2003-12-09,6660329,KENNAMETAL INC,BECTON DICKINSON AND COMPANY,-0.1266243637473872
843,844,3.88005375862122,2003-10-14,6632050,KENNAMETAL INC,BECTON DICKINSON AND COMPANY,0.051897662305752906
844,845,3.2093305587768595,2003-10-28,6638474,KENNAMETAL INC,BECTON DICKINSON AND COMPANY,-0.061464861569677925
845,846,1.89800560474396,2003-12-09,6660133,KENNAMETAL INC,BECTON DICKINSON AND COMPANY,-0.1266243637473872
846,847,1.9004590511322002,2003-12-02,6655882,KENNAMETAL INC,BECTON DICKINSON AND COMPANY,0.013495052389177545
847,848,2.96341156959534,2004-02-10,6688817,KENNAMETAL INC,BECTON DICKINSON AND COMPANY,0.2555601472171777
848,849,3.24382400512695,2004-01-13,6676339,KENNAMETAL INC,BECTON DICKINSON AND COMPANY,0.06018497513075747
849,850,2.9625978469848597,2004-02-03,6684968,KENNAMETAL INC,BECTON DICKINSON AND COMPANY,0.38580949711918533
850,851,2.9911272525787402,2004-02-17,6693054,KENNAMETAL INC,BECTON DICKINSON AND COMPANY,0.10265589633613406
851,852,1.53742492198944,2004-03-09,6702526,KENNAMETAL INC,BECTON DICKINSON AND COMPANY,-0.0879125968155832
852,853,1.53742492198944,2004-03-09,6702525,KENNAMETAL INC,BECTON DICKINSON AND COMPANY,-0.0879125968155832
853,854,1.49752867221832,2004-05-25,6739808,KENNAMETAL INC,BECTON DICKINSON AND COMPANY,0.09014879688315741
854,855,1.49752867221832,2004-05-25,6739809,KENNAMETAL INC,BECTON DICKINSON AND COMPANY,0.09014879688315741
855,856,3.21491694450378,2004-04-20,6722823,KENNAMETAL INC,BECTON DICKINSON AND COMPANY,0.22509548402037255
856,857,3.2263817787170397,2004-06-08,6745709,KENNAMETAL INC,BECTON DICKINSON AND COMPANY,0.007346957073658967
857,858,1.05907595157623,2004-06-01,6742970,KENNAMETAL INC,BECTON DICKINSON AND COMPANY,0.1516200603207532
858,859,2.80970549583435,2004-08-24,6780116,KENNAMETAL INC,BECTON DICKINSON AND COMPANY,-0.033244686788388295
859,860,2.95804071426392,2004-07-20,6764140,KENNAMETAL INC,BECTON DICKINSON AND COMPANY,-0.07780653208783078
860,861,2.92102766036987,2004-08-03,6769844,KENNAMETAL INC,BECTON DICKINSON AND COMPANY,0.016140826567681465
861,862,1.4360383749008199,2004-08-10,6773209,KENNAMETAL INC,BECTON DICKINSON AND COMPANY,-0.16025794395621107
862,863,1.64470398426056,2004-09-07,6786557,KENNAMETAL INC,BECTON DICKINSON AND COMPANY,0.25602973535645995
863,864,3.7285556793212904,2004-11-30,6824225,KENNAMETAL INC,BECTON DICKINSON AND COMPANY,0.09724192507160989
864,865,1.96236753463745,2005-02-15,6854810,KENNAMETAL INC,BECTON DICKINSON AND COMPANY,-0.004341284834597781
865,866,1.94732594490051,2005-02-22,6857861,KENNAMETAL INC,BECTON DICKINSON AND COMPANY,-0.07896166383970354
866,867,3.9066545963287402,2005-03-01,6860344,KENNAMETAL INC,BECTON DICKINSON AND COMPANY,0.11615728515120823
867,868,1.94732594490051,2005-02-22,6858333,KENNAMETAL INC,BECTON DICKINSON AND COMPANY,-0.07896166383970354
868,869,1.96236753463745,2005-02-15,6854527,KENNAMETAL INC,BECTON DICKINSON AND COMPANY,-0.004341284834597781
869,870,3.8205945491790803,2005-02-08,6851758,KENNAMETAL INC,BECTON DICKINSON AND COMPANY,-0.044747264069355926
870,871,4.038683414459229,2005-03-15,6866921,KENNAMETAL INC,BECTON DICKINSON AND COMPANY,0.08614137519891603
871,872,3.43804,2005-05-10,6890655,KENNAMETAL INC,BECTON DICKINSON AND COMPANY,-0.05343897799188557
872,873,3.444846,2005-04-26,6884499,KENNAMETAL INC,BECTON DICKINSON AND COMPANY,0.21252263738518704
873,874,3.886945,2005-04-12,6877406,KENNAMETAL INC,BECTON DICKINSON AND COMPANY,-0.025591194061118816
874,875,3.606093,2005-05-03,6886645,KENNAMETAL INC,BECTON DICKINSON AND COMPANY,0.043943130714808015
875,876,1.839704,2005-08-16,6929426,KENNAMETAL INC,BECTON DICKINSON AND COMPANY,-0.06674131274483207
876,877,3.748907,2005-06-21,6908688,KENNAMETAL INC,BECTON DICKINSON AND COMPANY,-0.292243834441555
877,878,3.685051,2005-07-05,6913427,KENNAMETAL INC,BECTON DICKINSON AND COMPANY,0.031146549682210076
878,879,1.839704,2005-08-16,6929434,KENNAMETAL INC,BECTON DICKINSON AND COMPANY,-0.06674131274483207
879,880,3.9827199999999996,2005-09-20,6945340,KENNAMETAL INC,BECTON DICKINSON AND COMPANY,-0.11075618299367478
880,881,4.4677489999999995,2005-12-20,6976811,KENNAMETAL INC,BECTON DICKINSON AND COMPANY,0.1483261119683067
881,882,4.451928,2005-11-08,6962395,KENNAMETAL INC,BECTON DICKINSON AND COMPANY,0.8073545666353947
882,883,4.341028,2005-11-15,6964933,KENNAMETAL INC,BECTON DICKINSON AND COMPANY,0.0714005295850933
883,884,2.181563,2005-11-22,6966270,KENNAMETAL INC,BECTON DICKINSON AND COMPANY,-0.01488736471177058
884,885,3.748453,2005-07-12,6915867,KENNAMETAL INC,BECTON DICKINSON AND COMPANY,-0.009867968259213575
885,886,4.0873800000000005,2005-02-01,6848868,KENNAMETAL INC,BECTON DICKINSON AND COMPANY,0.22608800271189167
886,887,1.9004590000000001,2003-12-02,6655480,KENNAMETAL INC,BECTON DICKINSON AND COMPANY,0.013495052389177545
887,888,2.854844,2003-03-25,6537343,KENNAMETAL INC,BECTON DICKINSON AND COMPANY,0.07686736604443864
888,889,1.84815,2003-09-16,6619897,KENNAMETAL INC,BECTON DICKINSON AND COMPANY,0.04083895552777221
889,890,3.265771,2003-06-03,6574527,KENNAMETAL INC,BECTON DICKINSON AND COMPANY,0.2218719104395039
890,891,3.6472379999999998,2003-11-18,6648560,KENNAMETAL INC,BECTON DICKINSON AND COMPANY,0.2549319123879977
891,892,3.698461,2005-06-14,6905992,KENNAMETAL INC,BECTON DICKINSON AND COMPANY,-0.1395790943238978
892,893,4.896667,2005-10-18,6954989,KENNAMETAL INC,BECTON DICKINSON AND COMPANY,0.07859481092332941
893,894,2.978724,2003-04-29,6554548,KENNAMETAL INC,BECTON DICKINSON AND COMPANY,0.27452983921916013
894,895,1.436038,2004-08-10,6773210,KENNAMETAL INC,BECTON DICKINSON AND COMPANY,-0.16025794395621107
895,896,2.181563,2005-11-22,6966728,KENNAMETAL INC,BECTON DICKINSON AND COMPANY,-0.01488736471177058
896,897,3.384927,2004-11-02,6811359,KENNAMETAL INC,BECTON DICKINSON AND COMPANY,0.04779047442802884
897,898,1.0590760000000001,2004-06-01,6742969,KENNAMETAL INC,BECTON DICKINSON AND COMPANY,0.1516200603207532
