Date,Open,High,Low,Close,Volume
29-Dec-06,29.74,29.98,29.62,29.66,916800
28-Dec-06,29.70,29.96,29.62,29.74,645600
27-Dec-06,29.70,29.91,29.66,29.88,620800
26-Dec-06,29.44,29.85,29.44,29.58,636200
22-Dec-06,29.50,29.64,29.44,29.50,822000
21-Dec-06,29.34,29.74,29.34,29.47,1775800
20-Dec-06,29.50,29.72,29.42,29.60,1267000
19-Dec-06,29.21,29.55,29.07,29.45,1078600
18-Dec-06,29.45,29.45,29.14,29.21,501800
15-Dec-06,29.26,29.50,29.26,29.35,772400
14-Dec-06,29.17,29.38,29.08,29.22,1530400
13-Dec-06,29.30,29.55,29.26,29.31,1438400
12-Dec-06,29.50,29.52,29.14,29.22,1015200
11-Dec-06,29.80,29.88,29.60,29.62,705800
8-Dec-06,29.64,29.90,29.63,29.82,611400
7-Dec-06,29.90,30.00,29.66,29.74,576400
6-Dec-06,29.76,29.96,29.76,29.82,966400
5-Dec-06,29.47,29.94,29.46,29.86,1317600
4-Dec-06,28.94,29.56,28.94,29.56,1836200
1-Dec-06,29.62,29.62,28.86,28.94,2157200
30-Nov-06,29.50,29.76,29.48,29.69,1359800
29-Nov-06,29.49,29.82,29.42,29.55,1073400
28-Nov-06,29.39,29.75,29.28,29.45,1544600
27-Nov-06,30.00,30.00,29.44,29.46,1128400
24-Nov-06,30.10,30.31,29.93,30.12,226400
22-Nov-06,30.00,30.25,29.94,30.14,764800
21-Nov-06,30.00,30.05,29.72,29.84,824800
20-Nov-06,30.00,30.15,29.96,30.00,581800
17-Nov-06,30.19,30.24,29.88,30.08,1969400
16-Nov-06,30.38,30.41,30.20,30.30,1354800
15-Nov-06,29.80,30.30,29.74,30.26,1434400
14-Nov-06,30.14,30.14,29.67,29.98,991000
13-Nov-06,29.89,30.20,29.88,30.20,1210200
10-Nov-06,29.99,30.00,29.68,29.86,676800
9-Nov-06,29.99,30.12,29.90,29.94,871200
8-Nov-06,29.88,30.24,29.84,29.96,996200
7-Nov-06,29.98,30.25,29.92,29.92,934200
6-Nov-06,29.84,30.07,29.82,29.98,838200
3-Nov-06,30.02,30.10,29.65,29.74,1268800
2-Nov-06,29.92,30.25,29.81,30.18,1860200
1-Nov-06,30.42,30.45,29.92,30.01,2492200
31-Oct-06,30.38,30.54,30.31,30.46,1895400
30-Oct-06,29.78,30.64,29.78,30.62,2378400
27-Oct-06,28.99,30.02,28.55,29.92,3506600
26-Oct-06,28.88,28.94,28.62,28.92,934400
25-Oct-06,28.75,28.88,28.54,28.76,712600
24-Oct-06,28.52,28.88,28.50,28.78,856000
23-Oct-06,28.38,28.70,28.38,28.53,672400
20-Oct-06,28.53,28.58,28.22,28.58,698600
19-Oct-06,28.38,28.62,28.28,28.53,630800
18-Oct-06,28.44,28.72,28.28,28.38,947000
17-Oct-06,28.40,28.52,28.09,28.24,783600
16-Oct-06,28.31,28.64,28.31,28.59,699000
13-Oct-06,28.11,28.48,28.11,28.35,805400
12-Oct-06,28.18,28.30,28.10,28.15,1130000
11-Oct-06,28.20,28.24,27.86,28.13,912200
10-Oct-06,27.92,28.56,27.88,28.32,1587200
9-Oct-06,27.65,27.84,27.65,27.76,632600
6-Oct-06,27.32,27.82,27.26,27.80,897000
5-Oct-06,27.18,27.48,27.10,27.40,1225000
4-Oct-06,27.01,27.34,27.01,27.34,820400
3-Oct-06,27.01,27.24,26.98,27.12,660400
2-Oct-06,26.95,27.11,26.81,27.10,1016800
29-Sep-06,27.32,27.34,26.96,27.01,903600
28-Sep-06,27.07,27.28,26.98,27.20,899000
27-Sep-06,27.08,27.20,26.91,27.08,1188600
26-Sep-06,26.86,27.12,26.82,27.08,1279600
25-Sep-06,26.59,26.88,26.47,26.80,901200
22-Sep-06,26.64,26.75,26.40,26.50,869400
21-Sep-06,27.02,27.10,26.54,26.68,1303200
20-Sep-06,26.75,27.18,26.75,27.02,1383600
19-Sep-06,26.61,26.70,26.38,26.63,828000
18-Sep-06,26.62,26.76,26.48,26.65,1174400
15-Sep-06,26.88,27.00,26.69,26.76,958400
14-Sep-06,26.51,26.82,26.40,26.77,1539200
13-Sep-06,26.26,26.75,26.24,26.59,1283800
12-Sep-06,25.87,26.50,25.74,26.48,1279800
11-Sep-06,26.00,26.10,25.48,25.74,1096200
8-Sep-06,25.85,26.11,25.74,26.05,842400
7-Sep-06,25.95,25.96,25.72,25.76,1152200
6-Sep-06,26.08,26.18,25.94,26.02,1165000
5-Sep-06,26.50,26.50,26.11,26.21,1448000
1-Sep-06,26.36,26.48,26.16,26.46,711200
31-Aug-06,26.00,26.24,25.96,26.22,1104200
30-Aug-06,25.82,26.02,25.70,26.00,908400
29-Aug-06,25.60,25.81,25.44,25.78,966000
28-Aug-06,25.46,25.56,25.37,25.50,1092600
25-Aug-06,25.25,25.52,25.23,25.51,1145600
24-Aug-06,25.40,25.40,25.10,25.27,1595800
23-Aug-06,25.60,25.69,25.28,25.44,645000
22-Aug-06,25.38,25.56,25.25,25.47,601800
21-Aug-06,25.50,25.54,25.28,25.38,869600
18-Aug-06,25.56,25.56,25.20,25.51,1115200
17-Aug-06,25.80,25.88,25.56,25.56,1383000
16-Aug-06,25.60,25.96,25.57,25.88,778800
15-Aug-06,25.40,25.60,25.26,25.58,720800
14-Aug-06,25.31,25.54,25.14,25.18,884200
11-Aug-06,25.29,25.36,25.08,25.18,684200
10-Aug-06,25.10,25.42,25.08,25.28,1170000
9-Aug-06,25.66,25.74,25.10,25.10,1735800
8-Aug-06,25.70,25.83,25.46,25.50,1652600
7-Aug-06,25.42,25.64,25.12,25.47,1559800
4-Aug-06,25.32,25.62,25.28,25.42,2140600
3-Aug-06,24.76,25.12,24.72,25.06,1533400
2-Aug-06,24.60,24.88,24.47,24.76,1820600
1-Aug-06,24.69,24.82,24.36,24.60,1693800
31-Jul-06,24.88,24.94,24.74,24.82,1429400
28-Jul-06,24.74,25.22,24.38,25.00,3282000
27-Jul-06,26.05,26.06,24.95,25.16,2945000
26-Jul-06,26.14,26.32,25.90,26.09,1292400
25-Jul-06,26.20,26.28,25.70,26.14,1553400
24-Jul-06,25.76,26.35,25.56,26.28,1138200
21-Jul-06,26.13,26.13,25.40,25.68,1293800
20-Jul-06,26.28,26.44,25.96,25.96,825600
19-Jul-06,25.84,26.40,25.84,26.31,1385600
18-Jul-06,25.68,25.76,25.38,25.71,961600
17-Jul-06,25.68,25.94,25.58,25.63,1098000
14-Jul-06,25.78,25.91,25.34,25.75,1067400
13-Jul-06,26.18,26.18,25.60,25.78,1685400
12-Jul-06,26.65,26.65,26.00,26.18,1319400
11-Jul-06,26.86,26.86,26.46,26.72,838400
10-Jul-06,26.68,27.00,26.60,26.86,851600
7-Jul-06,26.75,26.82,26.48,26.56,689200
6-Jul-06,27.05,27.10,26.69,26.78,1251200
5-Jul-06,27.15,27.27,26.92,26.99,1086800
3-Jul-06,27.04,27.25,26.98,27.23,436000
30-Jun-06,26.80,27.02,26.62,27.00,923200
29-Jun-06,26.16,26.74,26.12,26.74,1585000
28-Jun-06,26.15,26.30,25.86,26.04,1058000
27-Jun-06,26.56,26.56,25.96,26.02,1028200
26-Jun-06,26.34,26.60,26.30,26.56,566600
23-Jun-06,26.08,26.52,26.00,26.27,844000
22-Jun-06,26.11,26.28,26.00,26.15,916800
21-Jun-06,25.77,26.35,25.74,26.15,1153000
20-Jun-06,25.78,25.90,25.56,25.77,1194400
19-Jun-06,26.20,26.20,25.54,25.70,1251200
16-Jun-06,26.36,26.60,26.10,26.20,1705000
15-Jun-06,25.75,26.60,25.75,26.52,1928400
14-Jun-06,25.53,25.78,25.44,25.67,1188400
13-Jun-06,25.50,26.08,25.31,25.56,1930800
12-Jun-06,26.31,26.37,25.88,25.90,1588800
9-Jun-06,26.67,26.82,26.24,26.38,1505200
8-Jun-06,26.78,26.78,26.02,26.60,2633400
7-Jun-06,27.02,27.04,26.68,26.78,2079600
6-Jun-06,27.76,28.02,26.42,27.11,4670600
5-Jun-06,28.78,28.78,27.95,28.02,1828400
2-Jun-06,28.50,28.90,28.42,28.78,2651200
1-Jun-06,28.14,28.26,27.82,28.26,2293200
31-May-06,27.82,28.43,27.79,28.19,1927400
30-May-06,28.11,28.19,27.62,27.75,1979600
26-May-06,28.15,28.48,28.12,28.37,1642600
25-May-06,27.35,28.15,27.32,28.07,3392200
24-May-06,27.03,27.34,26.82,27.18,1914600
23-May-06,27.36,27.52,27.08,27.09,1598600
22-May-06,27.44,27.44,26.67,27.22,1834800
19-May-06,27.50,27.76,27.26,27.55,1603000
18-May-06,27.58,27.74,27.32,27.32,703800
17-May-06,28.00,28.00,27.25,27.53,1644200
16-May-06,28.17,28.27,27.75,28.01,914200
15-May-06,28.34,28.34,27.85,28.15,1295800
12-May-06,28.30,28.38,28.12,28.34,1525200
11-May-06,28.45,28.50,28.18,28.38,1287800
10-May-06,28.85,28.86,28.34,28.48,1354600
9-May-06,28.90,29.00,28.71,28.93,1296600
8-May-06,28.40,29.08,28.19,29.00,2023000
5-May-06,28.17,28.40,28.16,28.40,1062600
4-May-06,27.98,28.34,27.98,28.18,1485000
3-May-06,27.70,28.16,27.55,28.08,1835000
2-May-06,27.82,27.90,27.56,27.70,1548600
1-May-06,27.28,28.04,27.25,27.75,3472400
28-Apr-06,27.00,27.33,26.81,27.18,2143800
27-Apr-06,27.05,27.38,26.64,27.38,2254400
26-Apr-06,27.46,27.56,27.06,27.19,1427400
25-Apr-06,27.13,27.39,27.02,27.34,1157600
24-Apr-06,27.15,27.20,26.90,27.16,1332400
21-Apr-06,27.05,27.43,26.95,27.15,1849200
20-Apr-06,26.74,27.07,26.68,26.98,1395400
19-Apr-06,26.30,26.74,26.24,26.72,1355200
18-Apr-06,25.68,26.40,25.56,26.32,1805000
17-Apr-06,25.54,25.61,25.36,25.60,1157400
13-Apr-06,25.45,25.60,25.25,25.54,704600
12-Apr-06,25.21,25.48,25.00,25.44,1446600
11-Apr-06,25.46,25.58,25.16,25.16,1697800
10-Apr-06,25.20,25.30,25.00,25.28,1345600
7-Apr-06,25.22,25.40,25.01,25.10,1602200
6-Apr-06,25.60,25.60,25.07,25.10,2264800
5-Apr-06,25.72,25.75,25.46,25.60,1367000
4-Apr-06,25.80,25.84,25.62,25.70,1532600
3-Apr-06,25.82,25.92,25.60,25.76,2456000
31-Mar-06,25.64,25.64,25.42,25.59,1689600
30-Mar-06,25.50,25.64,25.41,25.64,1432800
29-Mar-06,25.48,25.62,25.38,25.50,716200
28-Mar-06,25.38,25.56,25.29,25.38,1328000
27-Mar-06,25.52,25.52,25.28,25.38,2087800
24-Mar-06,25.83,25.83,25.49,25.52,1464800
23-Mar-06,26.12,26.12,25.78,25.82,1612400
22-Mar-06,25.98,26.22,25.90,26.21,1309400
21-Mar-06,26.06,26.10,25.83,25.91,1414200
20-Mar-06,25.95,26.08,25.72,26.00,1300800
17-Mar-06,25.90,25.95,25.78,25.85,1775000
16-Mar-06,25.90,26.22,25.90,26.00,1920600
15-Mar-06,25.75,25.92,25.52,25.90,1598800
14-Mar-06,25.40,25.54,25.28,25.52,1722000
13-Mar-06,25.38,25.55,25.26,25.46,2050000
10-Mar-06,25.18,25.55,25.10,25.53,1120000
9-Mar-06,25.06,25.34,24.92,25.18,1113600
8-Mar-06,25.25,25.25,24.85,25.14,2324200
7-Mar-06,25.32,25.53,25.20,25.25,1991000
6-Mar-06,25.38,25.40,25.20,25.32,2129800
3-Mar-06,25.22,25.40,25.10,25.32,1653600
2-Mar-06,25.05,25.34,24.97,25.28,1448000
1-Mar-06,24.85,25.32,24.74,25.19,2745400
28-Feb-06,25.09,25.18,24.66,24.66,2193400
27-Feb-06,25.42,25.42,25.08,25.22,1316800
24-Feb-06,25.24,25.29,24.95,25.22,897200
23-Feb-06,25.24,25.41,25.04,25.25,1147000
22-Feb-06,25.54,25.69,25.10,25.24,1775400
21-Feb-06,25.62,25.64,25.28,25.52,2070200
17-Feb-06,25.15,25.52,25.00,25.44,1252000
16-Feb-06,25.03,25.18,24.76,25.17,1950200
15-Feb-06,24.70,24.97,24.52,24.93,1728800
14-Feb-06,24.32,24.79,24.32,24.74,1421400
13-Feb-06,24.40,24.46,24.04,24.32,1516600
10-Feb-06,24.28,24.54,24.10,24.47,1298000
9-Feb-06,24.15,24.60,24.10,24.28,1626600
8-Feb-06,24.05,24.16,23.81,24.11,1302800
7-Feb-06,23.91,24.22,23.91,24.00,2013000
6-Feb-06,23.75,23.89,23.68,23.87,1606800
3-Feb-06,23.80,23.92,23.65,23.85,2686800
2-Feb-06,24.18,24.23,23.92,24.00,2138600
1-Feb-06,24.10,24.22,23.96,24.18,2130000
31-Jan-06,24.20,24.38,24.05,24.10,2554600
30-Jan-06,24.25,24.55,24.00,24.20,5190400
27-Jan-06,24.50,25.18,24.10,24.22,6062600
26-Jan-06,26.08,26.29,25.80,26.16,1364000
25-Jan-06,26.12,26.29,25.78,25.95,1229200
24-Jan-06,25.66,26.08,25.55,26.00,1349400
23-Jan-06,25.18,25.79,25.05,25.64,1249000
20-Jan-06,25.42,25.42,24.98,24.98,1104000
19-Jan-06,25.44,25.64,25.33,25.42,1781400
18-Jan-06,25.55,25.62,25.32,25.58,785000
17-Jan-06,25.52,25.70,25.50,25.54,1166600
13-Jan-06,25.96,26.12,25.74,25.82,612600
12-Jan-06,25.98,26.12,25.87,25.91,1284200
11-Jan-06,26.25,26.34,26.00,26.20,962800
10-Jan-06,26.44,26.54,26.16,26.44,777400
9-Jan-06,26.71,26.92,26.46,26.51,1181600
6-Jan-06,26.68,26.80,26.38,26.64,1094400
5-Jan-06,26.14,26.53,26.01,26.48,1627200
4-Jan-06,26.11,26.14,25.81,26.14,1478600
3-Jan-06,25.98,26.16,25.60,26.14,1727200
30-Dec-05,25.98,26.02,25.75,25.80,637200
29-Dec-05,26.05,26.30,26.02,26.07,832200
28-Dec-05,26.10,26.15,25.91,25.98,850600
27-Dec-05,26.29,26.52,26.06,26.07,968800
23-Dec-05,26.10,26.38,25.98,26.32,1275400
22-Dec-05,25.74,26.06,25.64,26.00,979600
21-Dec-05,25.50,25.93,25.50,25.68,1458000
20-Dec-05,25.07,25.63,25.06,25.50,1294200
19-Dec-05,25.54,25.69,25.38,25.51,1459000
16-Dec-05,25.85,25.90,25.42,25.44,1551000
15-Dec-05,25.91,25.94,25.69,25.77,1510600
14-Dec-05,25.96,25.96,25.66,25.91,2635200
13-Dec-05,25.80,26.24,25.53,26.02,2212200
12-Dec-05,26.22,26.22,25.53,25.74,2492400
9-Dec-05,25.50,26.39,25.50,26.22,2818200
8-Dec-05,27.20,27.24,26.75,26.82,2372200
7-Dec-05,27.72,27.72,27.13,27.28,2073800
6-Dec-05,27.94,28.21,27.64,27.70,1249000
5-Dec-05,27.95,27.96,27.61,27.82,1553800
2-Dec-05,27.88,28.04,27.76,27.95,1388400
1-Dec-05,27.81,28.12,27.68,27.98,1754400
30-Nov-05,28.21,28.38,27.57,27.66,1467000
29-Nov-05,27.94,28.32,27.93,28.26,1238000
28-Nov-05,27.85,27.88,27.68,27.81,1268000
25-Nov-05,28.04,28.04,27.76,27.81,369200
23-Nov-05,28.38,28.38,27.76,27.94,895000
22-Nov-05,27.70,28.34,27.50,28.26,1776800
21-Nov-05,27.64,27.85,27.40,27.68,1112200
18-Nov-05,27.62,27.63,27.38,27.62,1005000
17-Nov-05,27.12,27.41,26.95,27.41,1481200
16-Nov-05,27.72,27.74,26.78,26.96,1693000
15-Nov-05,27.39,27.70,27.18,27.62,2144200
14-Nov-05,27.68,27.79,27.22,27.33,1407600
11-Nov-05,27.67,27.80,27.50,27.78,905200
10-Nov-05,27.70,27.75,27.24,27.58,1315000
9-Nov-05,27.53,27.62,27.30,27.40,1117200
8-Nov-05,27.22,27.57,27.16,27.53,1315800
7-Nov-05,26.92,27.42,26.92,27.35,1462400
4-Nov-05,27.02,27.15,26.71,26.84,1799200
3-Nov-05,27.12,27.29,26.64,27.00,2283400
2-Nov-05,26.76,27.12,26.64,27.05,1802600
1-Nov-05,26.55,26.78,26.40,26.76,2556800
31-Oct-05,26.02,26.58,26.01,26.38,1915600
28-Oct-05,25.48,26.06,25.42,25.88,2458200
27-Oct-05,25.15,25.32,24.67,24.70,1850000
26-Oct-05,24.75,25.36,24.75,25.00,1766000
25-Oct-05,25.10,25.36,24.47,24.64,2118400
24-Oct-05,24.50,25.52,24.30,25.34,3054000
21-Oct-05,23.92,24.02,23.71,23.82,1530800
20-Oct-05,23.50,24.23,23.46,23.63,2292000
19-Oct-05,23.39,23.48,22.80,23.48,1904000
18-Oct-05,23.65,23.90,23.35,23.38,1320000
17-Oct-05,23.30,23.70,23.28,23.68,1184400
14-Oct-05,23.18,23.36,22.97,23.30,1360600
13-Oct-05,22.98,23.13,22.75,23.02,1491200
12-Oct-05,23.22,23.32,22.81,22.97,1044600
11-Oct-05,23.39,23.52,23.14,23.21,1094200
10-Oct-05,23.68,23.76,23.33,23.39,1526200
7-Oct-05,22.88,23.68,22.88,23.54,1997600
6-Oct-05,22.94,23.15,22.67,22.76,1364200
5-Oct-05,23.18,23.18,22.81,22.81,1659400
4-Oct-05,23.42,23.60,23.16,23.18,1662000
3-Oct-05,23.48,23.68,23.40,23.42,1446000
30-Sep-05,23.03,23.53,23.01,23.48,1620000
29-Sep-05,23.01,23.19,22.75,23.10,1164800
28-Sep-05,23.32,23.34,22.96,23.06,1096800
27-Sep-05,23.20,23.44,22.94,23.14,1981400
26-Sep-05,23.70,23.72,22.98,23.11,2126400
23-Sep-05,22.82,23.88,22.65,23.59,3189400
22-Sep-05,22.35,22.84,22.06,22.82,1955200
21-Sep-05,22.92,23.00,22.05,22.35,2208200
20-Sep-05,23.40,23.55,22.92,22.92,1903200
19-Sep-05,23.31,23.44,23.18,23.24,1875200
16-Sep-05,23.50,23.70,23.33,23.58,1099400
15-Sep-05,23.69,23.69,23.38,23.38,1026000
14-Sep-05,23.70,23.98,23.53,23.56,1485600
13-Sep-05,24.28,24.28,23.73,23.73,1685800
12-Sep-05,24.74,24.78,24.50,24.56,1068000
9-Sep-05,24.88,24.89,24.35,24.71,1565600
8-Sep-05,24.80,24.98,24.62,24.72,1523400
7-Sep-05,24.21,24.90,24.18,24.80,2713400
6-Sep-05,24.20,24.32,23.90,24.10,1636800
2-Sep-05,24.12,24.20,23.67,24.14,1486800
1-Sep-05,23.98,24.25,23.94,23.99,1434400
31-Aug-05,23.98,24.20,23.58,23.98,2436800
30-Aug-05,24.18,24.18,23.72,23.90,1317000
29-Aug-05,23.98,24.28,23.96,24.17,1715600
26-Aug-05,24.52,24.52,24.16,24.22,1234400
25-Aug-05,24.43,24.60,24.22,24.44,1356800
24-Aug-05,24.34,24.65,24.28,24.42,1896600
23-Aug-05,24.92,24.92,24.40,24.46,1756600
22-Aug-05,25.54,25.54,24.88,24.96,1559600
19-Aug-05,25.55,25.55,25.12,25.14,1403400
18-Aug-05,25.54,25.68,25.38,25.46,1024800
17-Aug-05,25.68,25.74,25.38,25.53,1419800
16-Aug-05,26.20,26.20,25.65,25.68,1393000
15-Aug-05,26.20,26.28,26.08,26.20,1400400
12-Aug-05,26.90,26.92,26.12,26.16,1367400
11-Aug-05,26.46,26.90,26.46,26.90,1022000
10-Aug-05,26.80,26.92,26.39,26.44,1276800
9-Aug-05,26.68,26.80,26.57,26.72,1283600
8-Aug-05,26.73,26.78,26.44,26.64,1436600
5-Aug-05,27.00,27.08,26.72,26.74,1134400
4-Aug-05,27.32,27.51,27.02,27.08,1288800
3-Aug-05,27.71,27.72,27.43,27.58,1316800
2-Aug-05,27.50,28.04,27.44,27.81,1581800
1-Aug-05,27.55,27.58,27.16,27.50,2568200
29-Jul-05,28.00,28.58,27.52,27.70,2717600
28-Jul-05,28.34,28.90,28.34,28.90,1876000
27-Jul-05,28.33,28.41,28.14,28.24,1243200
26-Jul-05,28.91,28.92,28.08,28.20,1547600
25-Jul-05,29.15,29.19,28.90,28.94,945200
22-Jul-05,28.50,29.15,28.50,29.15,889600
21-Jul-05,29.02,29.02,28.51,28.55,1032000
20-Jul-05,28.12,29.08,27.98,29.02,1211400
19-Jul-05,28.54,28.56,28.04,28.16,1364000
18-Jul-05,28.10,28.45,28.10,28.36,939200
15-Jul-05,28.38,28.44,28.05,28.24,894800
14-Jul-05,28.30,28.78,28.24,28.46,1443400
13-Jul-05,28.58,28.64,28.18,28.32,911400
12-Jul-05,28.35,28.60,27.91,28.58,1716800
11-Jul-05,28.12,28.52,28.10,28.42,833200
8-Jul-05,27.48,28.06,27.43,27.95,1591600
7-Jul-05,27.54,27.54,27.00,27.48,1809600
6-Jul-05,27.38,27.65,27.22,27.54,1141200
5-Jul-05,27.50,27.50,27.19,27.42,1588400
1-Jul-05,27.55,27.64,27.31,27.50,1103800
30-Jun-05,27.98,27.98,27.46,27.58,1979400
29-Jun-05,27.88,28.19,27.86,27.94,1576000
28-Jun-05,27.55,28.10,27.52,27.88,1913800
27-Jun-05,27.28,27.65,27.28,27.42,2284000
24-Jun-05,27.65,27.66,27.04,27.28,1396400
23-Jun-05,28.42,28.45,27.61,27.72,1362400
22-Jun-05,28.11,28.40,28.11,28.23,1222600
21-Jun-05,28.56,28.56,28.03,28.06,2579800
20-Jun-05,29.00,29.01,28.50,28.56,1524200
17-Jun-05,29.40,29.40,29.02,29.18,1490200
16-Jun-05,28.90,29.40,28.85,29.28,1297200
15-Jun-05,28.80,28.93,28.65,28.93,1272200
14-Jun-05,28.62,28.92,28.58,28.73,1595200
13-Jun-05,28.21,28.60,28.00,28.43,1612200
10-Jun-05,28.77,28.96,28.29,28.48,1955600
9-Jun-05,29.12,29.12,28.40,28.72,3075200
8-Jun-05,29.36,29.52,29.10,29.12,1755000
7-Jun-05,29.80,29.98,29.31,29.32,2133800
6-Jun-05,29.50,29.80,29.30,29.78,1619400
3-Jun-05,29.32,29.67,29.28,29.50,1005000
2-Jun-05,29.58,29.58,29.24,29.30,1530600
1-Jun-05,29.52,29.96,29.36,29.74,1336600
31-May-05,29.28,29.40,29.05,29.39,1696600
27-May-05,29.38,29.47,29.22,29.29,908400
26-May-05,29.44,29.60,29.24,29.31,1179400
25-May-05,29.82,29.82,29.15,29.32,2078800
24-May-05,29.90,30.02,29.64,29.84,1284200
23-May-05,29.54,30.40,29.54,30.20,1661600
20-May-05,29.72,29.85,29.20,29.38,1564400
19-May-05,29.94,30.02,29.52,29.62,1408800
18-May-05,29.35,30.18,29.35,29.86,2067000
17-May-05,28.72,29.16,28.72,29.16,1975800
16-May-05,28.19,28.80,27.88,28.72,2326800
13-May-05,28.55,28.94,28.08,28.28,3516000
12-May-05,29.50,29.62,28.14,28.44,3468400
11-May-05,29.46,29.66,29.16,29.62,1786000
10-May-05,29.25,29.59,29.22,29.40,2462600
9-May-05,29.52,29.80,29.32,29.62,2767400
6-May-05,29.60,29.84,29.42,29.46,1854000
5-May-05,29.62,29.86,29.25,29.60,3401200
4-May-05,29.03,29.62,28.90,29.62,2781600
3-May-05,28.64,29.11,28.52,29.02,3453800
2-May-05,27.60,28.83,27.60,28.64,5290200
29-Apr-05,26.75,27.48,26.33,27.00,10041000
28-Apr-05,24.18,24.35,23.70,23.77,2609200
27-Apr-05,24.72,24.72,23.96,24.04,2904400
26-Apr-05,25.75,25.76,24.66,24.72,3548800
25-Apr-05,25.65,26.08,25.62,25.81,1299000
22-Apr-05,25.82,25.88,25.39,25.62,1253400
21-Apr-05,25.74,25.95,25.63,25.81,2358200
20-Apr-05,26.30,26.30,25.36,25.50,1659400
19-Apr-05,26.18,26.48,26.14,26.32,1481400
18-Apr-05,25.90,26.10,25.65,26.00,2143000
15-Apr-05,26.10,26.52,25.54,25.83,4060800
14-Apr-05,27.95,27.95,26.81,27.04,1995200
13-Apr-05,28.62,28.70,27.77,27.88,1840000
12-Apr-05,28.80,28.80,28.07,28.60,1965600
11-Apr-05,28.98,29.08,28.72,28.93,1608200
8-Apr-05,29.22,29.26,28.75,28.89,1220200
7-Apr-05,29.48,29.56,29.28,29.34,1427800
6-Apr-05,29.50,29.62,29.38,29.52,1057600
5-Apr-05,29.38,29.56,29.30,29.42,792600
4-Apr-05,29.35,29.52,29.20,29.37,1539600
1-Apr-05,29.62,29.86,29.40,29.56,1648600
31-Mar-05,29.56,29.82,29.44,29.50,1539200
30-Mar-05,29.26,29.58,29.13,29.58,1679200
29-Mar-05,29.70,29.90,29.07,29.16,1326200
28-Mar-05,29.91,30.05,29.64,29.69,908200
24-Mar-05,29.92,30.09,29.78,29.86,635400
23-Mar-05,29.95,30.03,29.74,29.79,1478000
22-Mar-05,30.18,30.58,30.06,30.14,972200
21-Mar-05,30.52,30.52,30.02,30.18,1037600
18-Mar-05,29.98,30.48,29.95,30.48,1560800
17-Mar-05,29.61,30.02,29.55,30.00,1460200
16-Mar-05,30.30,30.35,29.51,29.61,1714200
15-Mar-05,30.50,30.62,30.36,30.40,914200
14-Mar-05,30.55,30.78,30.26,30.47,1246600
11-Mar-05,30.30,30.76,30.30,30.50,1000000
10-Mar-05,30.64,30.79,29.98,30.44,2001400
9-Mar-05,30.00,30.90,30.00,30.68,2896600
8-Mar-05,29.40,29.64,29.40,29.56,1158800
7-Mar-05,29.45,29.62,29.33,29.58,1076200
4-Mar-05,29.25,29.63,29.25,29.57,1335400
3-Mar-05,29.08,29.22,28.95,29.09,1117400
2-Mar-05,28.86,29.13,28.72,28.98,922000
1-Mar-05,28.94,29.44,28.94,29.18,1254200
28-Feb-05,29.00,29.20,28.70,28.87,1099400
25-Feb-05,28.74,29.16,28.50,29.16,1240800
24-Feb-05,28.50,28.92,28.21,28.92,1307200
23-Feb-05,28.20,28.50,28.18,28.47,1648400
22-Feb-05,28.30,28.47,28.06,28.28,1326200
18-Feb-05,28.21,28.49,28.20,28.32,961800
17-Feb-05,28.12,28.36,28.10,28.19,802600
16-Feb-05,28.00,28.30,27.92,28.20,725800
15-Feb-05,27.72,28.16,27.69,28.16,1061600
14-Feb-05,27.75,27.80,27.64,27.70,950600
11-Feb-05,27.25,27.86,27.14,27.76,1236400
10-Feb-05,27.02,27.27,26.88,27.19,1307800
9-Feb-05,27.10,27.10,26.88,26.99,823000
8-Feb-05,27.24,27.24,26.98,27.10,1057600
7-Feb-05,27.17,27.25,27.06,27.18,1454200
4-Feb-05,26.98,27.10,26.90,27.10,2022000
3-Feb-05,26.94,27.07,26.82,26.95,1931400
2-Feb-05,26.91,27.02,26.90,26.96,2111600
1-Feb-05,27.12,27.17,26.69,26.72,2541000
31-Jan-05,26.85,27.20,26.80,27.08,2221400
28-Jan-05,26.78,26.78,26.36,26.50,1755200
27-Jan-05,27.15,27.18,26.67,26.78,2266400
26-Jan-05,26.58,26.73,26.48,26.62,802000
25-Jan-05,26.58,26.86,26.44,26.50,2178000
24-Jan-05,26.63,26.80,26.41,26.49,1912800
21-Jan-05,26.54,26.72,26.50,26.62,2279400
20-Jan-05,25.90,26.40,25.88,26.39,2253400
19-Jan-05,25.70,26.11,25.59,25.90,1494000
18-Jan-05,25.49,25.84,25.24,25.63,2761200
14-Jan-05,25.77,25.85,25.58,25.70,1844800
13-Jan-05,25.96,26.12,25.72,25.76,1157200
12-Jan-05,25.96,26.03,25.62,25.96,1398400
11-Jan-05,26.18,26.24,25.76,25.96,1083000
10-Jan-05,26.16,26.30,26.08,26.18,1461200
7-Jan-05,26.37,26.44,26.08,26.13,1722200
6-Jan-05,25.80,26.58,25.80,26.34,3350200
5-Jan-05,26.12,26.25,25.33,25.80,4926400
4-Jan-05,26.88,27.64,26.06,26.10,9916400
3-Jan-05,28.72,28.88,28.44,28.65,1915400
31-Dec-04,28.82,29.08,28.68,28.86,587000
30-Dec-04,28.85,29.00,28.60,28.79,730000
29-Dec-04,28.92,28.97,28.76,28.91,526400
28-Dec-04,28.69,29.04,28.68,28.98,779600
27-Dec-04,28.72,28.86,28.51,28.56,695000
23-Dec-04,28.62,28.78,28.54,28.73,749400
22-Dec-04,28.50,28.70,28.30,28.68,1195800
21-Dec-04,28.18,28.49,28.12,28.48,917600
20-Dec-04,28.14,28.20,27.97,28.18,988800
17-Dec-04,28.35,28.52,27.81,28.14,2521000
16-Dec-04,28.30,28.64,28.12,28.64,2696800
15-Dec-04,27.85,28.44,27.80,28.40,2006800
14-Dec-04,26.98,27.84,26.97,27.80,2918400
13-Dec-04,26.95,27.09,26.86,26.98,1976600
10-Dec-04,26.80,27.19,26.70,27.10,1382000
9-Dec-04,26.70,26.90,26.44,26.83,1364400
8-Dec-04,26.53,26.76,26.26,26.70,1092200
7-Dec-04,27.08,27.15,26.42,26.54,1414600
6-Dec-04,26.82,27.15,26.72,27.12,1010800
3-Dec-04,26.75,27.10,26.72,27.01,1141200
2-Dec-04,27.12,27.30,26.95,26.95,1244200
1-Dec-04,27.28,27.38,27.03,27.16,1124000
30-Nov-04,26.95,27.33,26.90,27.19,1628200
29-Nov-04,26.86,26.99,26.52,26.92,1025800
26-Nov-04,26.64,27.03,26.64,26.94,583200
24-Nov-04,26.75,26.94,26.60,26.75,1432000
23-Nov-04,26.22,26.67,26.16,26.67,2025600
22-Nov-04,25.55,26.17,25.52,26.17,1282000
19-Nov-04,25.78,25.82,25.50,25.70,935200
18-Nov-04,25.60,26.08,25.58,26.00,1188800
17-Nov-04,25.18,25.70,25.18,25.52,1366000
16-Nov-04,25.36,25.42,25.02,25.06,1371400
15-Nov-04,25.50,25.58,25.18,25.27,738800
12-Nov-04,25.00,25.54,25.00,25.52,1259000
11-Nov-04,25.01,25.45,24.92,25.39,1003200
10-Nov-04,24.95,25.20,24.88,25.01,787200
9-Nov-04,24.82,25.12,24.76,25.02,925400
8-Nov-04,24.68,24.94,24.62,24.82,998400
5-Nov-04,24.50,24.70,24.40,24.68,1025200
4-Nov-04,23.96,24.46,23.92,24.46,1570000
3-Nov-04,23.72,24.27,23.72,23.96,1749200
2-Nov-04,23.72,23.94,23.47,23.49,953200
1-Nov-04,23.86,23.88,23.50,23.60,1077800
29-Oct-04,22.99,23.97,22.94,23.74,2897200
28-Oct-04,22.73,22.80,22.54,22.56,1420000
27-Oct-04,22.70,22.86,22.43,22.72,1138200
26-Oct-04,22.72,22.75,22.45,22.66,1131400
25-Oct-04,22.69,22.78,22.50,22.62,808600
22-Oct-04,22.90,23.08,22.67,22.68,1030800
21-Oct-04,22.90,23.00,22.62,22.88,939600
20-Oct-04,22.51,23.00,22.50,22.90,815000
19-Oct-04,22.98,23.16,22.54,22.64,880000
18-Oct-04,22.80,23.04,22.66,22.90,865600
15-Oct-04,22.88,22.98,22.78,22.86,1036200
14-Oct-04,22.84,22.94,22.76,22.80,761200
13-Oct-04,23.58,23.58,22.64,22.79,2154800
12-Oct-04,23.82,23.83,23.34,23.40,1160200
11-Oct-04,23.90,24.07,23.79,23.84,479200
8-Oct-04,23.98,24.00,23.68,23.87,815400
7-Oct-04,24.24,24.24,23.91,23.98,638600
6-Oct-04,23.88,24.26,23.88,24.24,791000
5-Oct-04,23.96,23.99,23.75,23.91,412600
4-Oct-04,23.96,24.00,23.81,24.00,814000
1-Oct-04,23.78,23.93,23.68,23.84,850200
30-Sep-04,23.56,23.78,23.50,23.78,1212400
29-Sep-04,23.45,23.65,23.36,23.58,1234200
28-Sep-04,23.24,23.48,23.24,23.42,1628600
27-Sep-04,23.19,23.35,22.98,23.24,733200
24-Sep-04,22.98,23.22,22.96,23.19,816800
23-Sep-04,23.23,23.23,22.86,22.92,1481000
22-Sep-04,23.40,23.41,23.24,23.27,948800
21-Sep-04,23.50,23.54,23.25,23.46,1075400
20-Sep-04,23.42,23.70,23.38,23.53,1099600
17-Sep-04,23.45,23.50,23.39,23.42,983000
16-Sep-04,23.16,23.52,23.13,23.44,1318000
15-Sep-04,23.16,23.28,23.05,23.16,714200
14-Sep-04,23.30,23.30,23.03,23.12,1073800
13-Sep-04,23.08,23.30,23.02,23.30,883600
10-Sep-04,23.20,23.39,23.00,23.20,1632200
9-Sep-04,23.20,23.42,23.20,23.39,612800
8-Sep-04,23.53,23.53,23.20,23.26,984200
7-Sep-04,23.48,23.60,23.40,23.51,799800
3-Sep-04,23.38,23.45,23.28,23.28,807400
2-Sep-04,23.32,23.56,23.30,23.38,1430200
1-Sep-04,23.32,23.38,23.18,23.25,1078800
31-Aug-04,23.20,23.26,23.00,23.26,1334800
30-Aug-04,23.14,23.38,23.08,23.09,861800
27-Aug-04,23.20,23.30,23.04,23.14,811800
26-Aug-04,23.20,23.48,23.14,23.42,908600
25-Aug-04,23.05,23.21,22.85,23.20,1018200
24-Aug-04,22.69,23.10,22.68,23.05,1339800
23-Aug-04,22.50,22.65,22.42,22.64,890000
20-Aug-04,22.29,22.52,22.26,22.50,545600
19-Aug-04,22.36,22.40,22.12,22.29,470200
18-Aug-04,22.08,22.50,21.98,22.46,622600
17-Aug-04,22.12,22.34,22.10,22.18,622400
16-Aug-04,21.50,22.16,21.50,22.06,580800
13-Aug-04,21.68,21.75,21.32,21.46,427800
12-Aug-04,21.92,21.92,21.52,21.65,531200
11-Aug-04,21.92,22.00,21.68,21.90,730400
10-Aug-04,21.56,21.96,21.56,21.91,679800
9-Aug-04,21.26,21.56,21.26,21.51,621400
6-Aug-04,21.70,21.75,21.10,21.26,898200
5-Aug-04,22.52,22.52,21.70,21.80,1333000
4-Aug-04,22.36,22.53,22.17,22.46,1028600
3-Aug-04,22.38,22.58,22.32,22.43,844800
2-Aug-04,22.38,22.65,22.18,22.58,910200
30-Jul-04,22.58,22.65,22.18,22.34,1105600
29-Jul-04,22.06,22.38,22.04,22.33,670600
28-Jul-04,21.66,22.10,21.45,22.06,1088000
27-Jul-04,21.45,21.74,21.26,21.66,758000
26-Jul-04,21.73,21.79,21.20,21.40,909400
23-Jul-04,21.79,21.90,21.56,21.80,598400
22-Jul-04,22.02,22.08,21.52,21.84,921000
21-Jul-04,22.42,22.49,21.98,22.06,723400
20-Jul-04,22.30,22.42,22.18,22.40,718600
19-Jul-04,22.52,22.52,22.26,22.35,703600
16-Jul-04,22.64,22.72,22.50,22.50,679200
15-Jul-04,22.46,22.68,22.46,22.51,611400
14-Jul-04,22.50,22.57,22.26,22.49,691800
13-Jul-04,22.58,22.60,22.44,22.50,670400
12-Jul-04,22.40,22.60,22.28,22.53,1107800
9-Jul-04,22.31,22.45,22.18,22.39,1342200
8-Jul-04,22.47,22.52,22.20,22.20,866800
7-Jul-04,22.50,22.61,22.36,22.47,1153800
6-Jul-04,22.48,22.65,22.42,22.50,1507200
2-Jul-04,22.72,22.74,22.46,22.47,1209600
1-Jul-04,23.16,23.16,22.69,22.78,1363800
30-Jun-04,23.05,23.26,23.00,23.12,1458000
29-Jun-04,22.74,23.18,22.72,23.10,848800
28-Jun-04,22.84,23.05,22.68,22.77,1954400
25-Jun-04,22.41,22.68,22.39,22.68,1335800
24-Jun-04,22.22,22.42,22.11,22.30,1013200
23-Jun-04,21.79,22.24,21.70,22.18,1093000
22-Jun-04,21.78,21.94,21.54,21.75,2146400
21-Jun-04,21.92,21.92,21.61,21.72,1900600
18-Jun-04,21.85,22.04,21.70,21.91,1480800
17-Jun-04,22.02,22.02,21.78,21.84,1312600
16-Jun-04,22.28,22.28,21.65,21.99,2281400
15-Jun-04,22.35,22.40,22.06,22.22,2158600
14-Jun-04,22.91,22.91,22.27,22.28,1849400
10-Jun-04,23.39,23.40,22.98,23.16,1018400
9-Jun-04,23.30,23.48,23.16,23.29,1502400
8-Jun-04,23.01,23.30,22.88,23.30,1004800
7-Jun-04,22.98,23.18,22.90,23.14,964400
4-Jun-04,22.94,23.12,22.76,22.85,985000
3-Jun-04,23.15,23.17,22.74,22.78,1151000
2-Jun-04,23.25,23.26,23.10,23.14,1585000
1-Jun-04,23.17,23.32,22.99,23.12,1463200
28-May-04,23.14,23.20,22.89,23.17,1444400
27-May-04,23.10,23.10,23.10,23.10,0
26-May-04,23.18,23.22,23.12,23.17,1358000
25-May-04,22.86,23.26,22.68,23.18,1378400
24-May-04,22.70,22.99,22.64,22.82,992000
21-May-04,22.50,22.80,22.44,22.63,1378000
20-May-04,22.37,22.37,22.37,22.37,0
19-May-04,22.32,22.94,22.32,22.48,2217000
18-May-04,22.00,22.24,21.95,22.20,1057800
17-May-04,22.30,22.30,21.82,21.94,1286400
14-May-04,22.35,22.48,22.18,22.32,1146000
13-May-04,22.40,22.40,22.40,22.40,0
12-May-04,21.95,22.04,21.72,22.03,2466800
11-May-04,21.48,22.02,21.48,21.98,1605400
10-May-04,21.63,21.78,21.26,21.40,1484600
7-May-04,21.94,22.02,21.61,21.63,1968800
6-May-04,21.94,21.94,21.94,21.94,0
5-May-04,22.19,22.56,22.01,22.11,2078600
4-May-04,21.62,22.30,21.60,22.10,2750000
3-May-04,21.38,21.55,21.12,21.50,1291200
30-Apr-04,21.65,21.78,21.21,21.28,2122800
29-Apr-04,21.13,21.13,21.13,21.13,0
28-Apr-04,21.60,21.60,21.10,21.36,1167400
27-Apr-04,21.64,21.72,21.20,21.64,1812200
26-Apr-04,21.96,22.02,21.84,21.90,595000
23-Apr-04,21.90,22.05,21.71,21.92,1216800
22-Apr-04,21.98,21.98,21.98,21.98,0
21-Apr-04,21.18,21.24,20.95,21.15,713600
20-Apr-04,21.59,21.80,21.20,21.21,647200
19-Apr-04,21.48,21.65,21.40,21.61,737400
16-Apr-04,21.48,21.52,21.28,21.48,795200
15-Apr-04,21.38,21.38,21.38,21.38,0
14-Apr-04,21.42,21.56,21.30,21.40,1053600
13-Apr-04,21.88,21.92,21.32,21.42,764200
12-Apr-04,21.60,21.95,21.60,21.76,686000
8-Apr-04,21.62,21.62,21.62,21.62,0
7-Apr-04,21.72,21.85,21.54,21.64,938200
6-Apr-04,21.58,21.79,21.47,21.72,1375600
5-Apr-04,21.25,21.60,21.25,21.57,1696000
2-Apr-04,21.70,21.95,21.61,21.83,1577200
1-Apr-04,21.38,21.38,21.38,21.38,0
31-Mar-04,21.42,21.42,21.16,21.34,1653400
30-Mar-04,21.35,21.40,21.25,21.35,1419000
29-Mar-04,21.18,21.50,21.10,21.30,1426400
26-Mar-04,21.04,21.04,20.80,20.92,1205000
25-Mar-04,21.04,21.04,21.04,21.04,0
24-Mar-04,20.47,20.62,20.22,20.34,1330000
23-Mar-04,20.08,21.52,20.08,20.60,3661600
22-Mar-04,19.76,19.76,19.32,19.50,1044200
19-Mar-04,19.62,20.00,19.56,19.76,1176200
18-Mar-04,19.62,19.62,19.62,19.62,0
17-Mar-04,19.72,19.98,19.68,19.90,1039400
16-Mar-04,19.84,19.92,19.40,19.72,1203400
15-Mar-04,20.02,20.08,19.56,19.60,1616000
12-Mar-04,19.84,20.14,19.80,20.00,1092600
11-Mar-04,19.79,19.79,19.79,19.79,0
10-Mar-04,20.56,20.58,19.88,19.93,1103200
9-Mar-04,20.71,20.84,20.30,20.50,2413200
8-Mar-04,20.70,21.06,20.70,20.78,1226000
5-Mar-04,20.88,21.00,20.66,20.78,981000
4-Mar-04,20.88,20.88,20.88,20.88,0
3-Mar-04,21.08,21.12,20.86,21.00,835000
2-Mar-04,21.32,21.45,21.04,21.14,1339400
1-Mar-04,21.14,21.58,21.12,21.32,1264800
27-Feb-04,21.00,21.32,20.66,21.18,2515200
26-Feb-04,21.52,21.52,21.52,21.52,0
25-Feb-04,21.47,21.68,21.38,21.68,1125800
24-Feb-04,21.43,21.50,21.30,21.42,1633400
23-Feb-04,21.42,21.50,21.35,21.43,682000
20-Feb-04,21.60,21.65,21.00,21.29,1051200
19-Feb-04,21.52,21.52,21.52,21.52,0
18-Feb-04,21.42,21.45,21.06,21.28,1012600
17-Feb-04,21.28,21.45,21.28,21.42,1223000
13-Feb-04,21.41,21.47,21.12,21.14,1356600
12-Feb-04,21.40,21.40,21.40,21.40,0
11-Feb-04,20.80,21.30,20.72,21.28,1199400
10-Feb-04,20.58,20.82,20.48,20.75,1091000
9-Feb-04,20.24,20.70,20.16,20.62,1582800
6-Feb-04,19.87,20.15,19.87,20.13,1534000
5-Feb-04,19.90,19.90,19.90,19.90,0
4-Feb-04,19.84,19.89,19.63,19.68,1182000
3-Feb-04,19.88,19.94,19.76,19.86,1549000
2-Feb-04,20.00,20.02,19.79,19.84,1336000
30-Jan-04,19.75,20.10,19.75,19.94,2673400
29-Jan-04,19.20,19.20,19.20,19.20,0
28-Jan-04,19.08,19.54,19.08,19.18,1780000
27-Jan-04,19.22,19.50,19.00,19.00,1848600
26-Jan-04,19.25,19.26,19.03,19.14,1377400
23-Jan-04,19.66,19.75,19.22,19.22,1770800
22-Jan-04,19.63,19.63,19.63,19.63,0
21-Jan-04,19.78,19.84,19.55,19.75,731600
20-Jan-04,19.64,19.84,19.56,19.76,917400
16-Jan-04,19.70,19.70,19.46,19.52,1779800
15-Jan-04,19.90,19.98,19.50,19.72,1387200
14-Jan-04,19.80,19.80,19.80,19.80,0
13-Jan-04,20.08,20.16,19.79,19.85,986400
12-Jan-04,20.08,20.08,20.08,20.08,0
9-Jan-04,20.28,20.29,19.84,19.88,1326600
8-Jan-04,20.28,20.28,20.28,20.28,0
7-Jan-04,20.20,20.26,19.85,20.16,1475200
6-Jan-04,20.38,20.38,20.08,20.22,1317200
5-Jan-04,20.00,20.46,19.99,20.43,2017200
2-Jan-04,19.76,19.92,19.60,19.80,1329400
31-Dec-03,19.55,19.78,19.55,19.76,992800
30-Dec-03,20.00,20.00,20.00,20.00,0
29-Dec-03,19.47,19.70,19.41,19.69,1721800
26-Dec-03,19.35,19.48,19.35,19.47,244800
24-Dec-03,19.36,19.36,19.22,19.28,384400
23-Dec-03,19.24,19.48,19.16,19.32,1084400
22-Dec-03,18.95,19.18,18.95,19.16,651600
19-Dec-03,19.14,19.18,18.92,19.03,912400
18-Dec-03,19.00,19.00,19.00,19.00,0
17-Dec-03,18.86,19.07,18.72,19.02,1139000
16-Dec-03,18.81,19.02,18.74,18.86,1900400
15-Dec-03,19.60,19.60,19.22,19.28,1510600
12-Dec-03,19.12,19.50,19.00,19.38,1428200
11-Dec-03,19.12,19.12,19.12,19.12,0
10-Dec-03,19.38,19.49,19.08,19.10,2175600
9-Dec-03,19.06,19.53,19.02,19.38,2523000
8-Dec-03,18.43,18.90,18.43,18.90,827800
5-Dec-03,18.64,18.64,18.32,18.48,890400
4-Dec-03,18.70,18.70,18.70,18.70,0
3-Dec-03,18.50,18.68,18.49,18.52,908600
2-Dec-03,18.46,18.64,18.36,18.50,1451200
1-Dec-03,17.96,18.48,17.96,18.46,1558400
28-Nov-03,17.90,17.98,17.81,17.84,320200
26-Nov-03,17.77,17.98,17.77,17.93,1118600
25-Nov-03,17.60,17.80,17.47,17.77,1083200
24-Nov-03,17.52,17.52,17.52,17.52,0
21-Nov-03,17.15,17.30,17.08,17.18,866400
20-Nov-03,17.11,17.11,17.11,17.11,0
19-Nov-03,17.20,17.36,17.16,17.24,643200
18-Nov-03,17.25,17.34,17.16,17.16,892400
17-Nov-03,17.52,17.52,17.10,17.30,830800
14-Nov-03,17.51,17.72,17.46,17.52,1105600
13-Nov-03,17.51,17.51,17.51,17.51,0
12-Nov-03,17.17,17.35,17.10,17.30,681600
11-Nov-03,17.04,17.20,16.91,17.11,1550000
10-Nov-03,17.29,17.29,16.98,17.02,1319800
7-Nov-03,16.10,17.30,16.10,17.26,4778600
6-Nov-03,16.10,16.10,16.10,16.10,0
5-Nov-03,16.12,16.16,16.02,16.13,652200
4-Nov-03,16.10,16.18,15.95,16.11,1085004
3-Nov-03,16.28,16.28,16.12,16.19,959302
31-Oct-03,16.15,16.30,16.10,16.23,2382600
30-Oct-03,16.08,16.08,16.08,16.08,0
29-Oct-03,15.98,16.35,15.95,16.29,869600
28-Oct-03,16.05,16.22,15.90,16.06,1416400
27-Oct-03,15.74,15.96,15.72,15.96,1729600
24-Oct-03,15.75,15.76,15.52,15.73,3301600
23-Oct-03,16.08,16.38,16.06,16.30,978400
22-Oct-03,16.12,16.12,16.12,16.12,0
21-Oct-03,16.46,16.60,16.40,16.44,883400
20-Oct-03,16.48,16.48,16.30,16.43,799600
17-Oct-03,16.42,16.64,16.29,16.40,694200
16-Oct-03,16.46,16.46,16.46,16.46,0
15-Oct-03,16.60,16.82,16.32,16.46,1629000
14-Oct-03,16.12,16.26,15.93,16.10,1047800
13-Oct-03,16.14,16.25,16.05,16.22,838200
10-Oct-03,16.30,16.40,16.05,16.12,1020000
9-Oct-03,16.26,16.26,16.26,16.26,0
8-Oct-03,16.32,16.50,16.24,16.38,931200
7-Oct-03,16.52,16.52,16.20,16.42,1398200
6-Oct-03,16.59,16.60,16.42,16.52,1506400
3-Oct-03,16.50,16.88,16.25,16.58,2576600
2-Oct-03,16.61,16.61,16.61,16.61,0
1-Oct-03,16.82,16.88,16.56,16.76,1230200
30-Sep-03,16.61,16.82,16.36,16.75,1562400
29-Sep-03,16.52,16.61,16.32,16.60,934000
26-Sep-03,16.64,16.64,16.40,16.41,852000
25-Sep-03,16.64,16.64,16.64,16.64,0
24-Sep-03,17.14,17.18,16.72,16.82,764200
23-Sep-03,16.96,17.17,16.84,17.10,938400
22-Sep-03,17.18,17.20,16.68,16.96,1901000
19-Sep-03,17.32,17.37,17.10,17.21,1591200
18-Sep-03,17.38,17.38,17.38,17.38,0
17-Sep-03,17.66,17.66,17.27,17.32,1281400
16-Sep-03,17.40,17.74,17.38,17.66,1001200
15-Sep-03,17.70,17.70,17.34,17.38,1177200
12-Sep-03,17.55,17.75,17.50,17.67,1108400
11-Sep-03,17.54,17.64,17.44,17.58,1542600
10-Sep-03,17.92,17.93,17.64,17.73,1351200
9-Sep-03,17.92,18.00,17.86,18.00,943800
8-Sep-03,18.08,18.14,17.94,18.00,1055600
5-Sep-03,17.89,17.96,17.78,17.88,994000
4-Sep-03,18.10,18.11,17.80,17.94,910000
3-Sep-03,18.00,18.16,17.95,18.10,1364000
2-Sep-03,17.94,18.03,17.83,18.00,1631000
29-Aug-03,17.86,18.01,17.66,17.90,1161800
28-Aug-03,17.52,17.92,17.45,17.86,1779600
27-Aug-03,17.39,17.50,17.32,17.44,967800
26-Aug-03,17.51,17.58,17.28,17.41,1465200
25-Aug-03,17.75,17.75,17.39,17.50,1745600
22-Aug-03,18.30,18.31,17.82,17.82,1389600
21-Aug-03,18.14,18.40,18.12,18.30,2092800
20-Aug-03,18.04,18.20,17.95,18.12,1656800
19-Aug-03,17.70,18.12,17.62,18.10,2902000
18-Aug-03,17.62,17.70,17.50,17.70,1525000
15-Aug-03,17.70,17.80,17.53,17.60,853200
14-Aug-03,17.50,17.74,17.50,17.70,1516200
13-Aug-03,17.55,17.62,17.45,17.50,1297600
12-Aug-03,17.50,17.56,17.25,17.55,1725800
11-Aug-03,17.50,17.62,17.39,17.51,1775800
8-Aug-03,17.45,17.68,17.44,17.60,2021400
7-Aug-03,17.42,17.55,17.22,17.40,1798000
6-Aug-03,17.58,17.66,17.38,17.53,1951400
5-Aug-03,17.90,17.91,17.57,17.58,1886200
4-Aug-03,18.00,18.00,17.46,17.86,2044200
1-Aug-03,18.19,18.19,17.94,18.00,2608000
31-Jul-03,18.01,18.51,18.00,18.15,3083400
30-Jul-03,18.07,18.09,17.82,18.00,2455800
29-Jul-03,17.86,18.14,17.73,18.06,2764000
28-Jul-03,18.22,18.61,17.88,18.00,6061000
25-Jul-03,16.82,17.75,16.78,17.68,4854400
24-Jul-03,16.80,17.09,16.55,16.60,3905200
23-Jul-03,16.82,16.82,16.56,16.74,1518400
22-Jul-03,16.75,16.83,16.50,16.82,2452400
21-Jul-03,16.48,16.80,16.48,16.76,2848600
18-Jul-03,16.25,16.70,16.22,16.68,2179600
17-Jul-03,15.95,16.18,15.95,16.08,1149600
16-Jul-03,15.78,16.05,15.72,15.95,1469600
15-Jul-03,15.99,16.12,15.73,15.75,1584200
14-Jul-03,16.00,16.02,15.88,15.91,1063000
11-Jul-03,15.88,16.00,15.79,15.86,760600
10-Jul-03,16.00,16.00,15.68,15.86,1450200
9-Jul-03,16.20,16.24,16.09,16.15,1307600
8-Jul-03,15.95,16.25,15.95,16.16,1472000
7-Jul-03,15.85,16.12,15.84,16.02,1693000
3-Jul-03,15.80,15.84,15.20,15.75,787800
2-Jul-03,15.80,15.82,15.65,15.80,1075200
1-Jul-03,15.71,15.79,15.60,15.73,1587400
30-Jun-03,15.80,15.88,15.70,15.84,1418400
27-Jun-03,15.80,15.83,15.58,15.80,1252000
26-Jun-03,15.70,15.98,15.64,15.80,1275200
25-Jun-03,15.78,15.87,15.50,15.68,1513200
24-Jun-03,15.85,15.97,15.78,15.84,917600
23-Jun-03,15.94,15.96,15.78,15.92,1767400
20-Jun-03,16.00,16.08,15.94,15.94,2062800
19-Jun-03,16.05,16.16,15.85,15.98,1712200
18-Jun-03,16.38,16.38,15.98,16.09,1662200
17-Jun-03,16.52,16.52,16.10,16.38,1958600
16-Jun-03,16.30,16.62,16.25,16.50,1149600
13-Jun-03,16.80,16.80,16.16,16.20,1695400
12-Jun-03,16.62,16.83,16.50,16.62,2241400
11-Jun-03,16.20,16.42,15.90,16.34,2685200
10-Jun-03,16.48,16.64,16.40,16.51,2448400
9-Jun-03,16.78,16.90,16.46,16.48,1963800
6-Jun-03,17.10,17.12,16.75,16.78,1695600
5-Jun-03,16.77,17.18,16.76,16.98,1418800
4-Jun-03,16.68,16.97,16.62,16.97,1491200
3-Jun-03,16.72,16.74,16.51,16.56,1879200
2-Jun-03,16.60,17.04,16.55,16.68,3886000
30-May-03,16.06,16.40,16.00,16.34,2243400
29-May-03,16.22,16.48,16.00,16.05,2632400
28-May-03,16.08,16.25,15.95,16.09,4582000
27-May-03,15.95,16.10,15.78,16.06,3644600
23-May-03,15.55,16.15,15.50,15.99,4088800
22-May-03,15.50,15.58,15.37,15.53,1698200
21-May-03,15.15,15.50,15.02,15.48,2032600
20-May-03,15.16,15.32,15.02,15.22,929200
19-May-03,15.45,15.45,15.15,15.16,952400
16-May-03,15.54,15.55,15.31,15.45,942400
15-May-03,15.40,15.62,15.35,15.57,1696000
14-May-03,15.54,15.54,15.26,15.36,715200
13-May-03,15.68,15.68,15.47,15.50,777600
12-May-03,15.31,15.78,15.15,15.68,1808600
9-May-03,15.15,15.42,15.02,15.35,1410400
8-May-03,15.02,15.18,15.00,15.06,1178200
7-May-03,15.46,15.46,15.12,15.16,795800
6-May-03,15.10,15.50,15.10,15.46,1723200
5-May-03,15.10,15.20,14.96,15.14,1175800
2-May-03,15.00,15.15,14.97,15.10,1535000
1-May-03,15.22,15.22,14.94,15.06,1554600
30-Apr-03,15.30,15.45,15.23,15.26,1911400
29-Apr-03,15.42,15.52,15.20,15.40,1798400
28-Apr-03,14.99,15.42,14.98,15.35,2922800
25-Apr-03,15.15,15.15,14.88,14.98,2334400
24-Apr-03,15.00,15.10,14.72,14.74,727000
23-Apr-03,14.85,15.08,14.70,15.00,2323800
22-Apr-03,14.52,14.92,14.33,14.88,960000
21-Apr-03,14.65,14.69,14.48,14.52,873800
17-Apr-03,14.65,14.75,14.63,14.65,719600
16-Apr-03,14.98,15.00,14.62,14.65,857800
15-Apr-03,14.60,15.00,14.45,15.00,1239000
14-Apr-03,14.41,14.78,14.38,14.74,615400
11-Apr-03,14.62,14.75,14.36,14.41,694600
10-Apr-03,14.52,14.64,14.43,14.48,822800
9-Apr-03,14.73,14.91,14.50,14.50,690200
8-Apr-03,14.88,14.88,14.67,14.72,720000
7-Apr-03,15.22,15.25,14.88,14.90,1156200
4-Apr-03,15.05,15.05,14.88,14.95,715000
3-Apr-03,15.00,15.00,14.71,14.86,589400
2-Apr-03,14.70,15.08,14.66,14.94,775600
1-Apr-03,14.54,14.58,14.16,14.52,1189000
31-Mar-03,14.18,14.66,14.18,14.50,1018600
28-Mar-03,14.92,14.92,14.65,14.78,1419600
27-Mar-03,15.05,15.08,14.85,14.92,1581000
26-Mar-03,15.48,15.50,15.16,15.24,1120400
25-Mar-03,15.48,15.64,15.36,15.52,868200
24-Mar-03,16.21,16.21,15.34,15.48,1179600
21-Mar-03,15.68,16.26,15.60,16.21,1029600
20-Mar-03,15.46,15.53,15.13,15.40,1235600
19-Mar-03,15.24,15.48,15.24,15.46,1175000
18-Mar-03,15.03,15.22,14.84,15.22,1454400
17-Mar-03,14.18,14.90,14.10,14.90,1402000
14-Mar-03,14.26,14.35,14.02,14.26,1506000
13-Mar-03,14.10,14.17,13.78,14.14,2751800
12-Mar-03,14.60,14.60,13.88,13.94,2962000
11-Mar-03,15.00,15.25,14.60,14.84,1507600
10-Mar-03,15.34,15.45,15.06,15.07,502600
7-Mar-03,15.36,15.60,15.26,15.38,1149800
6-Mar-03,15.58,15.58,15.28,15.36,646200
5-Mar-03,15.50,15.62,15.36,15.62,727000
4-Mar-03,15.95,15.95,15.39,15.50,704000
3-Mar-03,16.23,16.30,15.92,15.93,487800
28-Feb-03,16.20,16.28,16.05,16.10,722000
27-Feb-03,16.05,16.28,15.98,16.16,581000
26-Feb-03,15.92,16.14,15.92,16.05,680000
25-Feb-03,15.82,15.98,15.53,15.96,1164000
24-Feb-03,16.20,16.20,15.96,15.98,572200
21-Feb-03,15.98,16.42,15.92,16.24,569800
20-Feb-03,16.30,16.32,15.92,16.02,610800
19-Feb-03,16.40,16.45,16.17,16.24,635200
18-Feb-03,16.20,16.57,16.20,16.53,956400
14-Feb-03,16.14,16.23,15.83,16.12,551000
13-Feb-03,15.92,16.12,15.75,16.10,928200
12-Feb-03,16.30,16.43,15.90,15.91,1052000
11-Feb-03,16.64,16.73,16.18,16.26,879000
10-Feb-03,16.50,16.68,16.36,16.60,793600
7-Feb-03,16.74,16.77,16.37,16.44,725000
6-Feb-03,16.82,16.90,16.50,16.62,994800
5-Feb-03,17.03,17.20,16.76,16.86,1004600
4-Feb-03,16.88,16.98,16.70,16.98,1209000
3-Feb-03,17.16,17.24,16.88,16.95,1551000
31-Jan-03,16.48,17.43,16.25,17.12,1954200
30-Jan-03,17.31,17.35,16.90,16.97,1000600
29-Jan-03,17.41,17.41,17.00,17.30,1289000
28-Jan-03,17.15,17.44,16.96,17.40,867600
27-Jan-03,17.65,17.65,16.97,17.08,841800
24-Jan-03,18.08,18.12,17.50,17.64,911200
23-Jan-03,17.98,18.13,17.58,18.08,955800
22-Jan-03,18.05,18.17,17.80,17.82,1164200
21-Jan-03,18.42,18.43,17.94,18.06,1412000
17-Jan-03,18.50,18.70,18.26,18.45,507400
16-Jan-03,18.62,18.65,18.39,18.60,1714200
15-Jan-03,19.00,19.00,18.46,18.60,1391200
14-Jan-03,18.96,19.00,18.78,19.00,764800
13-Jan-03,19.07,19.12,18.80,18.94,1983600
10-Jan-03,18.55,19.29,18.48,19.07,1669000
9-Jan-03,18.62,18.90,18.16,18.55,5636600
8-Jan-03,19.20,19.26,19.02,19.08,1138800
7-Jan-03,19.14,19.28,18.90,19.20,685800
6-Jan-03,18.66,19.25,18.66,19.18,832000
3-Jan-03,18.84,19.10,18.59,18.78,534000
2-Jan-03,18.58,19.02,18.32,18.86,952000
31-Dec-02,18.32,18.47,17.96,18.38,993600
30-Dec-02,18.11,18.34,17.83,18.30,901200
27-Dec-02,18.36,18.42,18.14,18.15,756800
26-Dec-02,18.37,18.69,18.32,18.43,622000
24-Dec-02,18.40,18.49,18.36,18.36,481800
23-Dec-02,18.50,18.72,18.38,18.51,729000
20-Dec-02,18.35,18.60,18.25,18.60,799000
19-Dec-02,18.20,18.48,18.04,18.25,953000
18-Dec-02,18.52,18.52,18.10,18.26,1021400
17-Dec-02,18.89,18.89,18.48,18.51,509400
16-Dec-02,18.14,18.90,18.06,18.90,902000
13-Dec-02,18.25,18.36,18.05,18.14,936400
12-Dec-02,18.43,18.60,18.02,18.38,1669600
11-Dec-02,18.26,18.58,18.05,18.43,564000
10-Dec-02,18.38,18.52,18.28,18.49,1008200
9-Dec-02,18.62,18.86,18.31,18.32,1026800
6-Dec-02,18.47,18.94,18.26,18.88,1072600
5-Dec-02,18.34,18.62,18.08,18.49,1236000
4-Dec-02,18.85,18.86,17.93,18.34,3748000
3-Dec-02,19.76,19.98,19.75,19.80,1475600
2-Dec-02,19.95,20.00,19.59,19.76,1586400
29-Nov-02,19.65,19.88,19.52,19.56,880200
27-Nov-02,18.42,19.36,18.38,19.34,978200
26-Nov-02,18.42,18.44,18.12,18.30,798200
25-Nov-02,18.49,18.76,18.21,18.37,1094400
22-Nov-02,18.55,18.82,18.36,18.49,1213400
21-Nov-02,17.98,18.52,17.72,18.52,2085400
20-Nov-02,19.48,19.48,17.54,17.98,6552400
19-Nov-02,19.18,19.78,19.12,19.48,804600
18-Nov-02,19.30,19.35,19.01,19.22,1340000
15-Nov-02,19.05,19.32,19.00,19.22,994600
14-Nov-02,18.82,19.18,18.72,19.05,828400
13-Nov-02,18.75,19.12,18.50,18.75,873600
12-Nov-02,18.45,19.02,18.43,18.72,818400
11-Nov-02,18.85,19.02,18.22,18.43,566400
8-Nov-02,19.00,19.40,18.75,18.86,704600
7-Nov-02,19.52,19.54,18.92,18.98,768600
6-Nov-02,19.00,19.74,18.76,19.65,1132600
5-Nov-02,18.52,18.94,18.50,18.89,1311800
4-Nov-02,18.65,18.76,18.28,18.34,883000
1-Nov-02,18.17,18.50,17.86,18.44,772000
31-Oct-02,18.20,18.48,17.94,18.17,697600
30-Oct-02,17.96,18.20,17.82,18.16,850000
29-Oct-02,18.05,18.16,17.59,17.94,965800
28-Oct-02,18.42,18.42,17.80,18.16,800000
25-Oct-02,17.65,18.36,17.26,18.29,2205600
24-Oct-02,18.78,19.01,17.86,17.98,1110000
23-Oct-02,18.69,19.12,18.40,18.66,992800
22-Oct-02,19.26,19.26,18.64,18.66,1317000
21-Oct-02,19.30,19.59,18.92,19.27,2560200
18-Oct-02,19.92,19.92,19.26,19.32,1012000
17-Oct-02,19.78,20.20,19.64,19.96,831600
16-Oct-02,19.65,20.08,19.29,19.33,582000
15-Oct-02,19.52,20.16,19.22,19.98,951400
14-Oct-02,19.12,19.48,18.98,19.16,562800
11-Oct-02,18.84,19.60,18.71,19.17,1082000
10-Oct-02,17.55,18.79,17.50,18.67,1322400
9-Oct-02,18.10,18.20,17.60,17.68,1185600
8-Oct-02,17.90,18.55,17.50,18.31,1036200
7-Oct-02,17.88,18.23,17.62,17.84,1201200
4-Oct-02,18.30,18.46,17.42,17.82,1911200
3-Oct-02,18.65,18.84,18.22,18.24,1996000
2-Oct-02,19.76,19.76,18.60,18.61,2308000
1-Oct-02,19.21,20.32,19.09,20.26,1004600
30-Sep-02,19.48,19.48,18.65,19.08,1654600
27-Sep-02,20.48,20.72,19.58,19.60,777600
26-Sep-02,20.18,20.60,20.16,20.48,1061200
25-Sep-02,19.48,20.25,19.30,20.05,1376600
24-Sep-02,19.70,19.90,19.22,19.46,1071800
23-Sep-02,20.48,20.48,19.86,20.18,688000
20-Sep-02,20.25,20.58,20.10,20.49,1139000
19-Sep-02,20.62,20.82,20.24,20.24,1239000
18-Sep-02,20.85,20.94,20.06,20.85,2330200
17-Sep-02,21.79,21.80,21.30,21.37,943000
16-Sep-02,21.58,21.74,21.43,21.62,938000
13-Sep-02,21.85,21.94,21.28,21.58,1207400
12-Sep-02,22.44,22.44,22.05,22.11,567800
11-Sep-02,22.62,22.75,22.43,22.44,428400
10-Sep-02,22.58,22.75,22.39,22.70,1242200
9-Sep-02,22.50,22.62,22.12,22.50,1109000
6-Sep-02,22.35,22.64,22.15,22.50,1037000
5-Sep-02,22.14,22.15,21.62,21.80,1114000
4-Sep-02,22.02,22.32,21.86,22.26,719400
3-Sep-02,22.44,22.44,21.62,22.02,1106000
30-Aug-02,22.22,22.68,22.16,22.44,835600
29-Aug-02,22.14,22.42,21.95,22.20,752800
28-Aug-02,22.68,22.68,22.12,22.26,1013600
27-Aug-02,22.50,22.88,22.50,22.68,1631600
26-Aug-02,22.48,22.52,22.22,22.42,1065000
23-Aug-02,22.83,22.84,22.32,22.36,710800
22-Aug-02,22.66,22.87,22.54,22.82,783000
21-Aug-02,22.62,22.70,22.38,22.68,878600
20-Aug-02,23.02,23.02,22.45,22.47,734600
19-Aug-02,22.42,23.04,22.41,23.02,1137200
16-Aug-02,22.48,22.68,22.20,22.42,1224000
15-Aug-02,23.25,23.32,22.29,22.48,2096000
14-Aug-02,22.42,23.09,21.58,23.00,1576800
13-Aug-02,22.70,23.05,22.42,22.42,1462400
12-Aug-02,23.05,23.05,22.54,22.70,847800
9-Aug-02,22.66,23.34,22.54,23.10,795000
8-Aug-02,22.28,22.96,22.10,22.92,802600
7-Aug-02,21.55,22.29,21.36,22.27,1209200
6-Aug-02,20.76,21.70,20.76,21.50,1362000
5-Aug-02,21.09,21.48,20.44,20.50,1255800
2-Aug-02,22.09,22.15,20.68,20.99,1159600
1-Aug-02,22.08,22.50,21.96,22.09,1721000
31-Jul-02,21.70,22.31,21.40,22.16,968600
30-Jul-02,22.54,22.54,21.50,21.70,1028800
29-Jul-02,21.83,22.57,21.60,22.54,1464600
26-Jul-02,21.95,22.00,20.84,21.33,1527000
25-Jul-02,21.23,22.00,21.12,21.84,2004400
24-Jul-02,19.18,21.30,19.04,21.22,1761000
23-Jul-02,19.12,19.95,19.10,19.18,1255800
22-Jul-02,19.86,20.12,18.92,19.12,1444000
19-Jul-02,20.80,20.80,19.80,19.86,838800
18-Jul-02,20.95,21.60,20.80,20.82,731800
17-Jul-02,21.00,21.65,20.85,20.85,1419400
16-Jul-02,21.58,21.58,20.46,20.69,1693800
15-Jul-02,21.74,21.74,20.53,21.58,1873400
12-Jul-02,21.96,22.20,21.70,21.87,744400
11-Jul-02,22.25,22.25,21.42,21.84,1340200
10-Jul-02,23.22,23.25,22.34,22.34,1043000
9-Jul-02,23.54,23.91,23.14,23.14,545600
8-Jul-02,24.00,24.08,23.62,23.73,647200
5-Jul-02,23.00,24.30,23.00,23.90,473000
3-Jul-02,23.02,23.38,22.59,22.98,739000
2-Jul-02,23.48,23.48,22.95,23.00,975800
1-Jul-02,23.22,23.60,23.12,23.50,830400
28-Jun-02,23.38,23.80,23.22,23.45,982600
27-Jun-02,22.85,23.41,22.84,23.30,740600
26-Jun-02,22.76,22.80,22.41,22.80,993200
25-Jun-02,22.62,23.25,22.62,22.75,641200
24-Jun-02,22.58,22.80,22.40,22.54,689200
21-Jun-02,22.70,22.90,22.45,22.50,562200
20-Jun-02,22.65,23.05,22.65,22.82,499200
19-Jun-02,22.87,23.14,22.60,22.75,603600
18-Jun-02,23.00,23.05,22.74,22.98,718800
17-Jun-02,22.18,23.04,22.02,23.02,804000
14-Jun-02,22.52,22.52,21.70,22.14,1365400
13-Jun-02,22.78,22.81,22.48,22.52,627400
12-Jun-02,22.40,22.78,22.26,22.78,1544000
11-Jun-02,23.30,23.48,22.76,22.81,878400
10-Jun-02,23.00,23.35,22.96,23.20,650600
7-Jun-02,22.64,23.12,22.61,23.00,712400
6-Jun-02,23.01,23.10,22.60,22.64,841400
5-Jun-02,22.78,23.03,22.69,23.00,666400
4-Jun-02,22.75,22.90,22.48,22.74,913600
3-Jun-02,23.25,23.25,22.69,22.70,722000
31-May-02,22.98,23.35,22.95,23.12,695400
30-May-02,23.16,23.16,22.87,22.95,716000
29-May-02,23.15,23.22,22.74,23.20,896400
28-May-02,23.48,23.50,23.02,23.14,643400
24-May-02,23.60,23.75,23.35,23.41,465400
23-May-02,23.35,23.60,23.18,23.57,476800
22-May-02,23.25,23.52,23.11,23.33,439800
21-May-02,23.25,23.52,23.16,23.24,444000
20-May-02,23.25,23.25,22.86,23.06,360400
17-May-02,23.10,23.41,23.08,23.23,637800
16-May-02,23.42,23.44,23.01,23.07,418800
15-May-02,23.06,23.68,23.02,23.34,910800
14-May-02,22.71,23.36,22.71,23.19,531000
13-May-02,22.70,22.82,22.38,22.70,1023800
10-May-02,22.88,22.88,22.60,22.74,539200
9-May-02,22.80,23.06,22.78,22.86,521000
8-May-02,22.65,22.98,22.62,22.80,720600
7-May-02,22.25,22.70,22.22,22.52,499400
6-May-02,22.68,22.68,22.16,22.18,721400
3-May-02,22.60,22.70,22.48,22.62,848600
2-May-02,22.08,22.65,22.08,22.58,895000
1-May-02,22.05,22.12,21.50,22.07,551400
30-Apr-02,21.53,22.20,21.53,22.05,1028600
29-Apr-02,22.10,22.12,21.62,21.65,1494200
26-Apr-02,22.12,22.38,20.98,22.14,3234600
25-Apr-02,22.40,22.60,22.34,22.54,839800
24-Apr-02,22.92,23.00,22.72,22.74,670200
23-Apr-02,23.12,23.12,22.69,22.80,1273400
22-Apr-02,23.69,23.70,22.90,23.08,762200
19-Apr-02,23.75,23.82,23.69,23.74,422200
18-Apr-02,23.89,23.92,23.44,23.64,556800
17-Apr-02,23.90,24.02,23.86,23.88,428800
16-Apr-02,23.70,23.99,23.70,23.88,554600
15-Apr-02,23.94,23.98,23.56,23.66,456400
12-Apr-02,24.14,24.14,23.59,23.94,847400
11-Apr-02,24.55,24.78,24.05,24.06,915400
10-Apr-02,24.20,24.58,24.20,24.52,813000
9-Apr-02,23.99,24.42,23.88,24.14,866800
8-Apr-02,23.78,24.02,23.42,23.94,692200
5-Apr-02,23.28,24.10,23.28,23.78,824800
4-Apr-02,23.12,23.32,22.90,23.18,924600
3-Apr-02,24.00,24.00,23.32,23.49,862400
2-Apr-02,23.65,23.98,23.28,23.84,1279800
1-Apr-02,23.95,24.06,23.55,24.00,1274200
28-Mar-02,24.75,24.75,24.30,24.40,1172000
27-Mar-02,24.38,24.72,24.36,24.50,1377200
26-Mar-02,23.70,24.42,23.70,24.35,1617200
25-Mar-02,23.95,24.14,23.79,23.83,740000
22-Mar-02,24.38,24.43,24.10,24.11,703600
21-Mar-02,24.18,24.55,23.96,24.25,2285600
20-Mar-02,24.02,24.29,24.02,24.23,1977600
19-Mar-02,23.45,23.80,23.35,23.69,901400
18-Mar-02,23.13,23.46,23.10,23.34,1198000
15-Mar-02,22.50,23.20,22.50,23.10,1996400
14-Mar-02,22.68,22.87,22.65,22.75,662600
13-Mar-02,22.66,22.98,22.66,22.70,1124000
12-Mar-02,22.70,23.05,22.52,22.88,1582800
11-Mar-02,22.62,22.72,22.38,22.70,861200
8-Mar-02,22.70,22.92,22.58,22.62,1008000
7-Mar-02,22.72,22.72,22.36,22.64,730800
6-Mar-02,22.69,22.73,22.36,22.58,1847000
5-Mar-02,23.27,23.27,22.52,22.69,1063200
4-Mar-02,22.60,23.35,22.56,23.27,1050200
1-Mar-02,22.00,22.58,21.95,22.36,1380200
28-Feb-02,21.41,22.18,21.41,22.00,1614200
27-Feb-02,21.30,21.70,21.30,21.50,954600
26-Feb-02,20.95,21.38,20.94,21.24,1900000
25-Feb-02,20.40,20.79,20.22,20.78,1340000
22-Feb-02,20.00,20.36,19.98,20.25,505800
21-Feb-02,19.89,20.55,19.89,20.10,783600
20-Feb-02,19.85,20.18,19.85,19.99,785000
19-Feb-02,20.10,20.22,19.71,19.83,1264400
15-Feb-02,19.85,20.37,19.81,20.10,522200
14-Feb-02,19.98,20.06,19.75,19.85,1029000
13-Feb-02,19.70,20.07,19.65,19.98,1083000
12-Feb-02,19.88,19.90,19.40,19.70,1166200
11-Feb-02,19.60,20.18,19.60,19.94,1050600
8-Feb-02,19.09,19.50,18.82,19.50,497000
7-Feb-02,19.13,19.28,18.81,19.08,766000
6-Feb-02,18.80,19.14,18.80,19.13,1240000
5-Feb-02,19.44,19.46,18.70,18.91,1588400
4-Feb-02,19.74,19.81,19.38,19.45,865000
1-Feb-02,20.00,20.12,19.54,19.74,1426800
31-Jan-02,19.70,20.12,19.64,20.08,1039800
30-Jan-02,19.55,19.88,19.45,19.82,912800
29-Jan-02,19.78,19.94,19.48,19.68,1191000
28-Jan-02,20.00,20.09,19.76,20.00,1358200
25-Jan-02,19.68,20.00,19.45,20.00,1342400
24-Jan-02,19.06,19.94,18.96,19.92,1562800
23-Jan-02,19.00,19.08,18.73,19.06,1495000
22-Jan-02,19.08,19.10,18.85,18.99,834000
18-Jan-02,19.37,19.40,18.95,19.10,1875200
17-Jan-02,19.48,19.48,18.76,19.38,1734800
16-Jan-02,19.00,19.98,19.00,19.48,3979000
15-Jan-02,20.90,21.16,20.65,20.80,950800
14-Jan-02,21.65,21.65,20.70,20.90,1461600
11-Jan-02,21.48,21.80,21.38,21.65,1551200
10-Jan-02,21.46,21.84,21.30,21.52,2316400
9-Jan-02,21.47,21.78,21.46,21.53,1400000
8-Jan-02,21.55,21.87,21.41,21.57,2473000
7-Jan-02,20.87,21.76,20.85,21.55,5824200
4-Jan-02,20.14,20.93,20.10,20.87,2105800
3-Jan-02,19.50,20.00,19.50,19.91,1674600
2-Jan-02,19.51,19.68,19.26,19.50,1665600
